frame,joint_name,x,y
0,head,424,143
0,shoulder,426,182
0,hip,428,319
0,knee,421,398
0,handle,564,888
1,head,424,142
1,shoulder,426,182
1,hip,428,319
1,knee,421,397
1,handle,564,888
2,head,423,142
2,shoulder,426,181
2,hip,428,319
2,knee,421,397
2,handle,563,888
3,head,423,141
3,shoulder,426,181
3,hip,426,322
3,knee,421,395
3,handle,560,888
4,head,422,140
4,shoulder,427,181
4,hip,425,324
4,knee,421,393
4,handle,558,888
5,head,422,140
5,shoulder,427,180
5,hip,424,327
5,knee,421,391
5,handle,555,887
6,head,422,140
6,shoulder,427,180
6,hip,425,331
6,knee,424,386
6,handle,551,887
7,head,421,139
7,shoulder,428,180
7,hip,425,337
7,knee,428,375
7,handle,546,887
8,head,421,138
8,shoulder,428,180
8,hip,423,339
8,knee,425,366
8,handle,540,887
9,head,420,138
9,shoulder,428,181
9,hip,414,342
9,knee,417,359
9,handle,533,887
10,head,420,137
10,shoulder,429,182
10,hip,402,347
10,knee,404,352
10,handle,522,888
11,head,420,137
11,shoulder,429,183
11,hip,383,351
11,knee,384,350
11,handle,509,888
12,head,420,137
12,shoulder,430,184
12,hip,361,354
12,knee,361,354
12,handle,494,889
13,head,420,136
13,shoulder,433,182
13,hip,340,359
13,knee,340,359
13,handle,478,886
14,head,420,136
14,shoulder,436,181
14,hip,323,364
14,knee,323,364
14,handle,464,883
15,head,420,136
15,shoulder,439,179
15,hip,308,367
15,knee,308,367
15,handle,452,880
16,head,419,135
16,shoulder,442,178
16,hip,298,369
16,knee,298,369
16,handle,445,877
17,head,419,135
17,shoulder,445,177
17,hip,294,371
17,knee,294,371
17,handle,441,874
18,head,419,135
18,shoulder,443,179
18,hip,296,374
18,knee,296,374
18,handle,442,872
19,head,419,135
19,shoulder,441,181
19,hip,304,376
19,knee,304,376
19,handle,443,870
20,head,419,135
20,shoulder,440,183
20,hip,317,377
20,knee,317,377
20,handle,446,868
21,head,419,135
21,shoulder,438,185
21,hip,335,377
21,knee,335,377
21,handle,451,866
22,head,419,135
22,shoulder,436,187
22,hip,357,377
22,knee,357,377
22,handle,455,864
23,head,418,135
23,shoulder,436,186
23,hip,377,373
23,knee,377,373
23,handle,457,862
24,head,418,135
24,shoulder,436,186
24,hip,393,372
24,knee,393,372
24,handle,460,860
25,head,418,135
25,shoulder,436,186
25,hip,405,372
25,knee,405,372
25,handle,462,858
26,head,417,134
26,shoulder,436,186
26,hip,412,373
26,knee,412,373
26,handle,459,856
27,head,417,134
27,shoulder,436,185
27,hip,414,374
27,knee,414,374
27,handle,455,854
28,head,416,134
28,shoulder,436,185
28,hip,410,376
28,knee,410,376
28,handle,454,849
29,head,415,133
29,shoulder,436,186
29,hip,407,377
29,knee,407,377
29,handle,448,845
30,head,414,133
30,shoulder,436,186
30,hip,404,377
30,knee,404,377
30,handle,441,841
31,head,413,132
31,shoulder,435,186
31,hip,401,377
31,knee,401,377
31,handle,431,837
32,head,412,131
32,shoulder,435,186
32,hip,398,377
32,knee,398,377
32,handle,419,833
33,head,411,131
33,shoulder,435,185
33,hip,394,376
33,knee,394,376
33,handle,406,833
34,head,409,130
34,shoulder,434,185
34,hip,390,375
34,knee,390,375
34,handle,395,833
35,head,408,129
35,shoulder,433,184
35,hip,386,375
35,knee,386,375
35,handle,386,834
36,head,407,128
36,shoulder,432,184
36,hip,381,374
36,knee,381,374
36,handle,383,834
37,head,405,127
37,shoulder,431,183
37,hip,377,374
37,knee,377,374
37,handle,381,833
38,head,403,125
38,shoulder,426,181
38,hip,374,375
38,knee,374,375
38,handle,378,833
39,head,401,124
39,shoulder,421,179
39,hip,371,377
39,knee,371,377
39,handle,375,832
40,head,398,122
40,shoulder,416,177
40,hip,368,378
40,knee,368,378
40,handle,373,832
41,head,396,121
41,shoulder,410,175
41,hip,365,379
41,knee,365,379
41,handle,369,831
42,head,393,118
42,shoulder,404,172
42,hip,361,380
42,knee,361,380
42,handle,366,830
43,head,389,116
43,shoulder,403,170
43,hip,361,380
43,knee,361,380
43,handle,363,829
44,head,386,113
44,shoulder,401,168
44,hip,360,381
44,knee,360,381
44,handle,361,828
45,head,383,111
45,shoulder,399,166
45,hip,360,381
45,knee,360,381
45,handle,357,826
46,head,380,108
46,shoulder,397,163
46,hip,360,381
46,knee,360,381
46,handle,355,825
47,head,377,105
47,shoulder,396,161
47,hip,360,382
47,knee,360,382
47,handle,352,824
48,head,375,103
48,shoulder,396,160
48,hip,358,380
48,knee,358,380
48,handle,352,822
49,head,372,100
49,shoulder,397,160
49,hip,357,378
49,knee,357,378
49,handle,351,821
50,head,370,98
50,shoulder,398,159
50,hip,356,377
50,knee,356,377
50,handle,351,820
51,head,368,96
51,shoulder,399,159
51,hip,355,376
51,knee,355,376
51,handle,352,819
52,head,366,95
52,shoulder,400,160
52,hip,354,375
52,knee,354,375
52,handle,352,819
53,head,365,94
53,shoulder,399,159
53,hip,353,374
53,knee,353,374
53,handle,353,815
54,head,363,93
54,shoulder,398,158
54,hip,353,374
54,knee,353,374
54,handle,353,811
55,head,362,92
55,shoulder,397,157
55,hip,352,374
55,knee,352,374
55,handle,354,807
56,head,361,91
56,shoulder,397,156
56,hip,352,374
56,knee,352,374
56,handle,356,803
57,head,360,90
57,shoulder,397,155
57,hip,353,375
57,knee,353,375
57,handle,358,799
58,head,359,88
58,shoulder,397,150
58,hip,353,375
58,knee,353,375
58,handle,362,800
59,head,358,87
59,shoulder,398,146
59,hip,353,375
59,knee,353,375
59,handle,366,800
60,head,357,86
60,shoulder,399,141
60,hip,354,375
60,knee,354,375
60,handle,369,799
61,head,356,85
61,shoulder,399,137
61,hip,354,375
61,knee,354,375
61,handle,372,799
62,head,355,85
62,shoulder,400,132
62,hip,355,375
62,knee,355,375
62,handle,373,799
63,head,354,84
63,shoulder,400,132
63,hip,347,373
63,knee,347,373
63,handle,373,798
64,head,354,83
64,shoulder,401,132
64,hip,339,370
64,knee,339,370
64,handle,373,798
65,head,353,83
65,shoulder,401,131
65,hip,330,367
65,knee,330,367
65,handle,372,797
66,head,353,82
66,shoulder,402,131
66,hip,316,365
66,knee,316,365
66,handle,371,797
67,head,352,81
67,shoulder,402,131
67,hip,298,363
67,knee,298,363
67,handle,370,797
68,head,352,80
68,shoulder,399,129
68,hip,283,364
68,knee,283,364
68,handle,369,796
69,head,351,80
69,shoulder,396,127
69,hip,266,367
69,knee,266,367
69,handle,367,795
70,head,351,79
70,shoulder,392,125
70,hip,246,366
70,knee,246,366
70,handle,365,795
71,head,351,79
71,shoulder,389,123
71,hip,230,364
71,knee,230,364
71,handle,363,794
72,head,352,79
72,shoulder,385,121
72,hip,218,360
72,knee,218,360
72,handle,362,794
73,head,353,79
73,shoulder,388,118
73,hip,210,357
73,knee,210,357
73,handle,364,793
74,head,354,79
74,shoulder,391,116
74,hip,209,353
74,knee,209,353
74,handle,365,793
75,head,355,79
75,shoulder,393,113
75,hip,216,353
75,knee,216,353
75,handle,367,792
76,head,356,79
76,shoulder,396,111
76,hip,228,352
76,knee,228,352
76,handle,368,792
77,head,356,79
77,shoulder,400,109
77,hip,245,350
77,knee,245,350
77,handle,369,792
78,head,356,78
78,shoulder,399,112
78,hip,267,351
78,knee,267,351
78,handle,368,791
79,head,357,77
79,shoulder,398,115
79,hip,286,353
79,knee,286,353
79,handle,369,791
80,head,356,77
80,shoulder,398,117
80,hip,302,354
80,knee,302,354
80,handle,370,790
81,head,356,76
81,shoulder,397,120
81,hip,313,356
81,knee,313,356
81,handle,371,790
82,head,356,75
82,shoulder,396,122
82,hip,318,359
82,knee,318,359
82,handle,371,790
83,head,355,74
83,shoulder,399,123
83,hip,318,358
83,knee,318,358
83,handle,370,789
84,head,354,73
84,shoulder,402,124
84,hip,318,358
84,knee,318,358
84,handle,368,788
85,head,354,73
85,shoulder,405,126
85,hip,317,357
85,knee,317,357
85,handle,365,788
86,head,353,72
86,shoulder,408,127
86,hip,317,357
86,knee,317,357
86,handle,362,787
87,head,352,71
87,shoulder,410,129
87,hip,317,357
87,knee,317,357
87,handle,359,787
88,head,352,71
88,shoulder,413,130
88,hip,317,353
88,knee,317,353
88,handle,358,786
89,head,351,70
89,shoulder,416,131
89,hip,318,350
89,knee,318,350
89,handle,357,785
90,head,350,69
90,shoulder,418,132
90,hip,318,346
90,knee,318,346
90,handle,357,784
91,head,349,68
91,shoulder,421,132
91,hip,319,343
91,knee,319,343
91,handle,356,783
92,head,347,66
92,shoulder,423,133
92,hip,320,339
92,knee,320,339
92,handle,355,782
93,head,345,63
93,shoulder,419,130
93,hip,318,341
93,knee,318,341
93,handle,354,781
94,head,343,61
94,shoulder,414,127
94,hip,315,342
94,knee,315,342
94,handle,352,780
95,head,341,59
95,shoulder,410,123
95,hip,313,343
95,knee,313,343
95,handle,350,779
96,head,340,57
96,shoulder,405,120
96,hip,311,345
96,knee,311,345
96,handle,349,778
97,head,339,55
97,shoulder,400,117
97,hip,309,346
97,knee,309,346
97,handle,347,778
98,head,338,54
98,shoulder,395,119
98,hip,309,346
98,knee,309,346
98,handle,346,778
99,head,336,53
99,shoulder,391,121
99,hip,309,345
99,knee,309,345
99,handle,345,778
100,head,335,52
100,shoulder,386,123
100,hip,309,345
100,knee,309,345
100,handle,344,778
101,head,334,50
101,shoulder,382,125
101,hip,309,345
101,knee,309,345
101,handle,343,778
102,head,333,49
102,shoulder,378,128
102,hip,309,346
102,knee,309,346
102,handle,342,778
103,head,332,48
103,shoulder,376,127
103,hip,308,345
103,knee,308,345
103,handle,342,777
104,head,331,46
104,shoulder,374,126
104,hip,308,345
104,knee,308,345
104,handle,342,777
105,head,330,45
105,shoulder,373,125
105,hip,308,344
105,knee,308,344
105,handle,343,777
106,head,329,43
106,shoulder,371,124
106,hip,308,344
106,knee,308,344
106,handle,344,776
107,head,329,42
107,shoulder,370,123
107,hip,308,344
107,knee,308,344
107,handle,346,776
108,head,329,40
108,shoulder,371,122
108,hip,308,345
108,knee,308,345
108,handle,347,775
109,head,328,39
109,shoulder,372,122
109,hip,307,346
109,knee,307,346
109,handle,348,774
110,head,328,37
110,shoulder,373,122
110,hip,307,347
110,knee,307,347
110,handle,349,774
111,head,328,36
111,shoulder,374,122
111,hip,307,348
111,knee,307,348
111,handle,350,773
112,head,328,34
112,shoulder,375,122
112,hip,307,350
112,knee,307,350
112,handle,351,773
113,head,327,33
113,shoulder,376,121
113,hip,308,349
113,knee,308,349
113,handle,353,773
114,head,327,32
114,shoulder,377,121
114,hip,309,349
114,knee,309,349
114,handle,353,772
115,head,327,31
115,shoulder,377,121
115,hip,310,349
115,knee,310,349
115,handle,354,772
116,head,328,30
116,shoulder,378,120
116,hip,311,348
116,knee,311,348
116,handle,354,772
117,head,328,29
117,shoulder,379,122
117,hip,312,348
117,knee,312,348
117,handle,354,772
118,head,328,28
118,shoulder,381,122
118,hip,312,345
118,knee,312,345
118,handle,355,772
119,head,328,27
119,shoulder,382,122
119,hip,310,341
119,knee,310,341
119,handle,356,772
120,head,327,25
120,shoulder,384,122
120,hip,303,339
120,knee,303,339
120,handle,357,771
121,head,327,24
121,shoulder,385,121
121,hip,292,339
121,knee,292,339
121,handle,358,771
122,head,327,23
122,shoulder,386,119
122,hip,278,339
122,knee,278,339
122,handle,358,771
123,head,326,22
123,shoulder,390,120
123,hip,255,341
123,knee,255,341
123,handle,359,770
124,head,326,21
124,shoulder,394,121
124,hip,234,350
124,knee,234,350
124,handle,360,770
125,head,326,21
125,shoulder,397,122
125,hip,218,359
125,knee,218,359
125,handle,361,770
126,head,326,20
126,shoulder,400,123
126,hip,206,367
126,knee,206,367
126,handle,363,769
127,head,326,20
127,shoulder,404,124
127,hip,197,375
127,knee,197,375
127,handle,365,769
128,head,326,19
128,shoulder,401,123
128,hip,200,384
128,knee,200,384
128,handle,364,769
129,head,326,19
129,shoulder,399,123
129,hip,203,387
129,knee,203,387
129,handle,363,769
130,head,326,19
130,shoulder,396,122
130,hip,208,393
130,knee,208,393
130,handle,363,769
131,head,327,19
131,shoulder,394,121
131,hip,213,414
131,knee,213,414
131,handle,362,769
132,head,327,18
132,shoulder,392,120
132,hip,218,435
132,knee,218,435
132,handle,361,769
133,head,327,18
133,shoulder,395,121
133,hip,221,456
133,knee,221,456
133,handle,362,769
134,head,327,18
134,shoulder,398,122
134,hip,223,475
134,knee,223,475
134,handle,363,769
135,head,327,18
135,shoulder,402,123
135,hip,225,491
135,knee,225,491
135,handle,364,769
136,head,326,17
136,shoulder,405,124
136,hip,226,490
136,knee,226,490
136,handle,366,769
137,head,325,16
137,shoulder,408,125
137,hip,226,490
137,knee,226,490
137,handle,367,769
138,head,325,16
138,shoulder,408,125
138,hip,226,489
138,knee,226,489
138,handle,367,768
139,head,325,16
139,shoulder,409,124
139,hip,226,489
139,knee,226,489
139,handle,366,768
140,head,325,15
140,shoulder,409,123
140,hip,226,489
140,knee,226,489
140,handle,366,768
141,head,325,15
141,shoulder,410,122
141,hip,226,489
141,knee,226,489
141,handle,365,768
142,head,325,15
142,shoulder,411,121
142,hip,226,489
142,knee,226,489
142,handle,365,768
143,head,325,14
143,shoulder,407,120
143,hip,226,488
143,knee,226,488
143,handle,364,768
144,head,325,14
144,shoulder,404,119
144,hip,226,488
144,knee,226,488
144,handle,363,767
145,head,325,14
145,shoulder,401,119
145,hip,226,487
145,knee,226,487
145,handle,363,767
146,head,325,14
146,shoulder,397,118
146,hip,226,487
146,knee,226,487
146,handle,362,767
147,head,325,14
147,shoulder,394,117
147,hip,226,487
147,knee,226,487
147,handle,362,767
148,head,325,15
148,shoulder,394,117
148,hip,226,487
148,knee,226,487
148,handle,361,766
149,head,325,15
149,shoulder,395,117
149,hip,225,487
149,knee,225,487
149,handle,360,766
150,head,324,15
150,shoulder,396,117
150,hip,225,487
150,knee,225,487
150,handle,360,766
151,head,324,15
151,shoulder,397,117
151,hip,225,487
151,knee,225,487
151,handle,359,766
152,head,323,15
152,shoulder,397,117
152,hip,224,487
152,knee,224,487
152,handle,358,766
153,head,323,15
153,shoulder,400,117
153,hip,224,486
153,knee,224,486
153,handle,357,766
154,head,322,15
154,shoulder,402,117
154,hip,224,486
154,knee,224,486
154,handle,357,766
155,head,321,15
155,shoulder,404,117
155,hip,223,485
155,knee,223,485
155,handle,357,765
156,head,320,14
156,shoulder,407,117
156,hip,223,485
156,knee,223,485
156,handle,358,765
157,head,319,14
157,shoulder,409,117
157,hip,223,485
157,knee,223,485
157,handle,358,765
158,head,319,14
158,shoulder,409,117
158,hip,223,484
158,knee,223,484
158,handle,358,764
159,head,318,14
159,shoulder,409,117
159,hip,222,484
159,knee,222,484
159,handle,358,764
160,head,318,14
160,shoulder,409,118
160,hip,222,483
160,knee,222,483
160,handle,358,764
161,head,317,14
161,shoulder,408,118
161,hip,222,482
161,knee,222,482
161,handle,357,764
162,head,316,14
162,shoulder,408,119
162,hip,221,482
162,knee,221,482
162,handle,356,764
163,head,316,13
163,shoulder,408,118
163,hip,221,481
163,knee,221,481
163,handle,355,763
164,head,315,13
164,shoulder,408,117
164,hip,222,481
164,knee,222,481
164,handle,354,762
165,head,315,13
165,shoulder,409,117
165,hip,222,481
165,knee,222,481
165,handle,354,762
166,head,315,13
166,shoulder,409,116
166,hip,222,481
166,knee,222,481
166,handle,353,761
167,head,315,13
167,shoulder,410,116
167,hip,222,481
167,knee,222,481
167,handle,352,761
168,head,314,13
168,shoulder,410,115
168,hip,222,480
168,knee,222,480
168,handle,352,760
169,head,314,13
169,shoulder,410,114
169,hip,223,479
169,knee,223,479
169,handle,352,759
170,head,314,13
170,shoulder,410,114
170,hip,223,478
170,knee,223,478
170,handle,353,759
171,head,314,13
171,shoulder,411,114
171,hip,223,477
171,knee,223,477
171,handle,353,758
172,head,313,13
172,shoulder,400,115
172,hip,224,477
172,knee,224,477
172,handle,354,758
173,head,313,13
173,shoulder,387,116
173,hip,224,477
173,knee,224,477
173,handle,355,758
174,head,313,13
174,shoulder,375,121
174,hip,224,477
174,knee,224,477
174,handle,356,758
175,head,313,13
175,shoulder,363,132
175,hip,225,477
175,knee,225,477
175,handle,356,758
176,head,312,13
176,shoulder,350,142
176,hip,233,457
176,knee,233,457
176,handle,356,758
177,head,312,13
177,shoulder,349,151
177,hip,234,437
177,knee,234,437
177,handle,356,759
178,head,311,13
178,shoulder,348,161
178,hip,233,412
178,knee,233,412
178,handle,356,759
179,head,310,13
179,shoulder,347,166
179,hip,226,382
179,knee,226,382
179,handle,356,759
180,head,310,13
180,shoulder,346,167
180,hip,222,360
180,knee,222,360
180,handle,356,758
181,head,310,13
181,shoulder,345,168
181,hip,210,357
181,knee,210,357
181,handle,357,758
182,head,310,13
182,shoulder,343,169
182,hip,204,355
182,knee,204,355
182,handle,359,758
183,head,310,13
183,shoulder,343,168
183,hip,201,359
183,knee,201,359
183,handle,359,757
184,head,309,13
184,shoulder,344,168
184,hip,202,367
184,knee,202,367
184,handle,359,757
185,head,309,13
185,shoulder,344,167
185,hip,201,372
185,knee,201,372
185,handle,359,756
186,head,309,13
186,shoulder,344,167
186,hip,201,385
186,knee,201,385
186,handle,360,756
187,head,308,13
187,shoulder,344,167
187,hip,203,407
187,knee,203,407
187,handle,359,756
188,head,308,13
188,shoulder,346,164
188,hip,208,425
188,knee,208,425
188,handle,360,756
189,head,308,13
189,shoulder,348,162
189,hip,213,442
189,knee,213,442
189,handle,361,756
190,head,308,13
190,shoulder,350,159
190,hip,218,456
190,knee,218,456
190,handle,361,756
191,head,308,13
191,shoulder,359,160
191,hip,223,461
191,knee,223,461
191,handle,361,756
192,head,307,13
192,shoulder,377,161
192,hip,226,457
192,knee,226,457
192,handle,360,756
193,head,307,13
193,shoulder,399,162
193,hip,223,456
193,knee,223,456
193,handle,360,756
194,head,307,13
194,shoulder,421,162
194,hip,219,454
194,knee,219,454
194,handle,360,756
195,head,307,13
195,shoulder,443,163
195,hip,216,452
195,knee,216,452
195,handle,359,756
196,head,306,13
196,shoulder,459,160
196,hip,212,451
196,knee,212,451
196,handle,359,756
197,head,306,13
197,shoulder,465,157
197,hip,209,450
197,knee,209,450
197,handle,360,757
198,head,306,13
198,shoulder,465,157
198,hip,209,448
198,knee,209,448
198,handle,358,756
199,head,305,13
199,shoulder,465,157
199,hip,209,446
199,knee,209,446
199,handle,356,756
200,head,305,13
200,shoulder,465,157
200,hip,209,444
200,knee,209,444
200,handle,355,756
201,head,305,13
201,shoulder,465,158
201,hip,209,442
201,knee,209,442
201,handle,354,755
202,head,305,13
202,shoulder,464,158
202,hip,209,441
202,knee,209,441
202,handle,353,755
203,head,304,13
203,shoulder,465,160
203,hip,209,441
203,knee,209,441
203,handle,355,755
204,head,304,13
204,shoulder,465,162
204,hip,209,441
204,knee,209,441
204,handle,357,755
205,head,304,13
205,shoulder,465,164
205,hip,210,441
205,knee,210,441
205,handle,359,755
206,head,304,13
206,shoulder,466,166
206,hip,210,442
206,knee,210,442
206,handle,360,755
207,head,304,14
207,shoulder,467,168
207,hip,210,442
207,knee,210,442
207,handle,362,755
208,head,304,14
208,shoulder,467,168
208,hip,213,443
208,knee,213,443
208,handle,361,754
209,head,304,14
209,shoulder,467,168
209,hip,216,446
209,knee,216,446
209,handle,360,754
210,head,304,14
210,shoulder,466,167
210,hip,219,448
210,knee,219,448
210,handle,360,754
211,head,303,15
211,shoulder,466,167
211,hip,222,450
211,knee,222,450
211,handle,360,755
212,head,303,15
212,shoulder,466,167
212,hip,225,452
212,knee,225,452
212,handle,359,755
213,head,303,15
213,shoulder,466,164
213,hip,222,450
213,knee,222,450
213,handle,359,755
214,head,303,15
214,shoulder,466,160
214,hip,219,447
214,knee,219,447
214,handle,359,755
215,head,303,15
215,shoulder,466,157
215,hip,216,445
215,knee,216,445
215,handle,359,755
216,head,303,15
216,shoulder,467,153
216,hip,213,442
216,knee,213,442
216,handle,358,754
217,head,303,15
217,shoulder,467,150
217,hip,210,439
217,knee,210,439
217,handle,357,754
218,head,303,14
218,shoulder,467,150
218,hip,209,437
218,knee,209,437
218,handle,358,754
219,head,303,14
219,shoulder,467,150
219,hip,209,436
219,knee,209,436
219,handle,358,754
220,head,303,14
220,shoulder,468,150
220,hip,208,434
220,knee,208,434
220,handle,360,754
221,head,303,14
221,shoulder,468,150
221,hip,208,432
221,knee,208,432
221,handle,361,753
222,head,303,14
222,shoulder,469,150
222,hip,207,430
222,knee,207,430
222,handle,363,753
223,head,303,14
223,shoulder,469,153
223,hip,208,431
223,knee,208,431
223,handle,363,753
224,head,303,14
224,shoulder,462,155
224,hip,210,433
224,knee,210,433
224,handle,363,753
225,head,303,14
225,shoulder,449,155
225,hip,211,434
225,knee,211,434
225,handle,363,752
226,head,303,14
226,shoulder,426,152
226,hip,212,436
226,knee,212,436
226,handle,363,752
227,head,303,14
227,shoulder,403,150
227,hip,214,437
227,knee,214,437
227,handle,362,752
228,head,303,14
228,shoulder,371,143
228,hip,216,437
228,knee,216,437
228,handle,361,751
229,head,303,14
229,shoulder,347,138
229,hip,218,436
229,knee,218,436
229,handle,360,751
230,head,303,14
230,shoulder,330,139
230,hip,253,433
230,knee,253,433
230,handle,359,751
231,head,303,15
231,shoulder,322,147
231,hip,283,433
231,knee,283,433
231,handle,357,751
232,head,303,15
232,shoulder,316,158
232,hip,307,435
232,knee,307,435
232,handle,356,752
233,head,303,16
233,shoulder,314,170
233,hip,324,436
233,knee,324,436
233,handle,356,752
234,head,303,16
234,shoulder,313,183
234,hip,339,438
234,knee,339,438
234,handle,356,752
235,head,303,16
235,shoulder,311,191
235,hip,320,443
235,knee,320,443
235,handle,356,751
236,head,303,16
236,shoulder,309,196
236,hip,308,446
236,knee,308,446
236,handle,356,751
237,head,303,16
237,shoulder,307,197
237,hip,303,447
237,knee,303,447
237,handle,356,751
238,head,303,16
238,shoulder,307,193
238,hip,304,448
238,knee,304,448
238,handle,354,752
239,head,303,16
239,shoulder,307,189
239,hip,311,448
239,knee,311,448
239,handle,351,753
240,head,303,16
240,shoulder,308,184
240,hip,324,446
240,knee,324,446
240,handle,349,754
241,head,303,16
241,shoulder,308,180
241,hip,343,443
241,knee,343,443
241,handle,347,756
242,head,303,15
242,shoulder,315,175
242,hip,366,440
242,knee,366,440
242,handle,345,757
243,head,303,15
243,shoulder,327,170
243,hip,396,435
243,knee,396,435
243,handle,344,760
244,head,303,15
244,shoulder,341,168
244,hip,431,431
244,knee,431,431
244,handle,344,763
245,head,303,15
245,shoulder,363,167
245,hip,468,428
245,knee,468,428
245,handle,344,766
246,head,303,15
246,shoulder,389,170
246,hip,499,426
246,knee,499,426
246,handle,343,769
247,head,303,16
247,shoulder,418,178
247,hip,527,426
247,knee,527,426
247,handle,343,772
248,head,303,16
248,shoulder,441,186
248,hip,556,431
248,knee,556,431
248,handle,343,774
249,head,303,16
249,shoulder,461,192
249,hip,572,431
249,knee,572,431
249,handle,341,777
250,head,303,17
250,shoulder,473,196
250,hip,580,430
250,knee,580,430
250,handle,339,779
251,head,303,17
251,shoulder,480,196
251,hip,595,430
251,knee,595,430
251,handle,337,781
252,head,303,18
252,shoulder,479,193
252,hip,611,430
252,knee,611,430
252,handle,335,784
253,head,302,18
253,shoulder,479,193
253,hip,628,428
253,knee,628,428
253,handle,334,786
254,head,302,18
254,shoulder,480,193
254,hip,655,431
254,knee,655,431
254,handle,334,788
255,head,302,18
255,shoulder,480,194
255,hip,685,438
255,knee,685,438
255,handle,334,791
256,head,302,18
256,shoulder,480,194
256,hip,712,448
256,knee,712,448
256,handle,335,793
257,head,302,19
257,shoulder,480,195
257,hip,735,456
257,knee,735,456
257,handle,336,796
258,head,302,19
258,shoulder,480,195
258,hip,754,464
258,knee,754,464
258,handle,335,797
259,head,302,19
259,shoulder,480,195
259,hip,766,472
259,knee,766,472
259,handle,334,798
260,head,302,19
260,shoulder,481,195
260,hip,776,477
260,knee,776,477
260,handle,333,799
261,head,302,18
261,shoulder,481,196
261,hip,780,478
261,knee,780,478
261,handle,331,800
262,head,302,18
262,shoulder,482,196
262,hip,783,481
262,knee,783,481
262,handle,330,801
263,head,302,18
263,shoulder,482,196
263,hip,781,477
263,knee,781,477
263,handle,328,803
264,head,302,18
264,shoulder,482,196
264,hip,779,474
264,knee,779,474
264,handle,327,805
265,head,302,18
265,shoulder,482,197
265,hip,777,471
265,knee,777,471
265,handle,327,807
266,head,302,18
266,shoulder,482,197
266,hip,775,468
266,knee,775,468
266,handle,327,810
267,head,302,19
267,shoulder,483,198
267,hip,774,465
267,knee,774,465
267,handle,327,813
268,head,302,19
268,shoulder,483,198
268,hip,775,463
268,knee,775,463
268,handle,326,813
269,head,302,18
269,shoulder,484,198
269,hip,777,461
269,knee,777,461
269,handle,326,813
270,head,302,18
270,shoulder,484,198
270,hip,772,457
270,knee,772,457
270,handle,326,813
271,head,302,18
271,shoulder,485,198
271,hip,768,454
271,knee,768,454
271,handle,325,813
272,head,302,18
272,shoulder,486,198
272,hip,755,449
272,knee,755,449
272,handle,324,813
273,head,302,18
273,shoulder,486,198
273,hip,729,444
273,knee,729,444
273,handle,324,813
274,head,302,18
274,shoulder,486,198
274,hip,696,438
274,knee,696,438
274,handle,324,812
275,head,302,18
275,shoulder,486,198
275,hip,663,432
275,knee,663,432
275,handle,323,812
276,head,302,18
276,shoulder,486,198
276,hip,627,416
276,knee,627,416
276,handle,323,811
277,head,302,19
277,shoulder,487,199
277,hip,598,381
277,knee,598,381
277,handle,323,810
278,head,302,19
278,shoulder,487,199
278,hip,572,348
278,knee,572,348
278,handle,324,810
279,head,302,19
279,shoulder,484,195
279,hip,541,317
279,knee,541,317
279,handle,324,810
280,head,302,19
280,shoulder,472,186
280,hip,511,287
280,knee,511,287
280,handle,325,810
281,head,302,19
281,shoulder,455,176
281,hip,476,266
281,knee,476,266
281,handle,326,810
282,head,302,19
282,shoulder,436,163
282,hip,434,265
282,knee,434,265
282,handle,326,811
283,head,302,19
283,shoulder,417,151
283,hip,400,266
283,knee,400,266
283,handle,326,812
284,head,302,18
284,shoulder,402,149
284,hip,372,267
284,knee,372,267
284,handle,326,813
285,head,302,18
285,shoulder,393,153
285,hip,344,269
285,knee,344,269
285,handle,326,814
286,head,302,18
286,shoulder,389,158
286,hip,320,273
286,knee,320,273
286,handle,325,815
287,head,302,17
287,shoulder,387,165
287,hip,301,278
287,knee,301,278
287,handle,325,816
288,head,302,17
288,shoulder,385,169
288,hip,280,281
288,knee,280,281
288,handle,325,814
289,head,302,17
289,shoulder,383,167
289,hip,263,284
289,knee,263,284
289,handle,324,812
290,head,302,17
290,shoulder,384,165
290,hip,250,286
290,knee,250,286
290,handle,324,810
291,head,302,17
291,shoulder,385,163
291,hip,243,288
291,knee,243,288
291,handle,324,808
292,head,302,17
292,shoulder,387,162
292,hip,241,290
292,knee,241,290
292,handle,324,806
293,head,302,17
293,shoulder,387,162
293,hip,245,291
293,knee,245,291
293,handle,324,807
294,head,302,17
294,shoulder,387,162
294,hip,254,291
294,knee,254,291
294,handle,325,809
295,head,302,17
295,shoulder,388,163
295,hip,269,292
295,knee,269,292
295,handle,326,810
296,head,302,17
296,shoulder,388,163
296,hip,288,292
296,knee,288,292
296,handle,327,811
297,head,302,18
297,shoulder,389,164
297,hip,305,295
297,knee,305,295
297,handle,328,813
298,head,302,18
298,shoulder,387,168
298,hip,323,296
298,knee,323,296
298,handle,329,813
299,head,302,18
299,shoulder,386,172
299,hip,337,297
299,knee,337,297
299,handle,330,814
300,head,302,18
300,shoulder,385,177
300,hip,346,299
300,knee,346,299
300,handle,330,815
301,head,302,18
301,shoulder,383,181
301,hip,350,300
301,knee,350,300
301,handle,330,816
302,head,302,19
302,shoulder,382,186
302,hip,354,299
302,knee,354,299
302,handle,330,818
303,head,302,19
303,shoulder,384,187
303,hip,354,299
303,knee,354,299
303,handle,329,816
304,head,302,19
304,shoulder,385,188
304,hip,354,299
304,knee,354,299
304,handle,329,814
305,head,302,19
305,shoulder,387,189
305,hip,354,300
305,knee,354,300
305,handle,329,811
306,head,302,19
306,shoulder,389,190
306,hip,354,300
306,knee,354,300
306,handle,330,809
307,head,302,19
307,shoulder,390,191
307,hip,355,301
307,knee,355,301
307,handle,330,807
308,head,302,19
308,shoulder,391,191
308,hip,356,304
308,knee,356,304
308,handle,329,805
309,head,302,19
309,shoulder,391,191
309,hip,358,307
309,knee,358,307
309,handle,327,804
310,head,302,19
310,shoulder,391,191
310,hip,359,310
310,knee,359,310
310,handle,325,803
311,head,302,19
311,shoulder,391,191
311,hip,360,313
311,knee,360,313
311,handle,323,802
312,head,302,19
312,shoulder,392,192
312,hip,362,317
312,knee,362,317
312,handle,321,802
313,head,302,19
313,shoulder,392,192
313,hip,361,320
313,knee,361,320
313,handle,321,803
314,head,302,19
314,shoulder,392,192
314,hip,360,323
314,knee,360,323
314,handle,322,804
315,head,302,19
315,shoulder,392,192
315,hip,359,326
315,knee,359,326
315,handle,322,806
316,head,302,19
316,shoulder,392,192
316,hip,357,329
316,knee,357,329
316,handle,323,807
317,head,302,19
317,shoulder,392,193
317,hip,356,333
317,knee,356,333
317,handle,323,809
318,head,302,19
318,shoulder,392,193
318,hip,357,330
318,knee,357,330
318,handle,323,811
319,head,302,19
319,shoulder,392,193
319,hip,358,327
319,knee,358,327
319,handle,323,813
320,head,301,19
320,shoulder,392,193
320,hip,359,324
320,knee,359,324
320,handle,323,815
321,head,301,19
321,shoulder,392,193
321,hip,360,321
321,knee,360,321
321,handle,323,818
322,head,301,18
322,shoulder,392,194
322,hip,361,318
322,knee,361,318
322,handle,323,820
323,head,300,18
323,shoulder,392,194
323,hip,359,316
323,knee,359,316
323,handle,322,818
324,head,300,18
324,shoulder,392,194
324,hip,358,313
324,knee,358,313
324,handle,321,816
325,head,300,18
325,shoulder,393,195
325,hip,358,310
325,knee,358,310
325,handle,320,814
326,head,300,18
326,shoulder,393,195
326,hip,357,307
326,knee,357,307
326,handle,318,812
327,head,300,18
327,shoulder,393,196
327,hip,357,304
327,knee,357,304
327,handle,317,810
328,head,300,18
328,shoulder,394,196
328,hip,358,307
328,knee,358,307
328,handle,317,812
329,head,299,18
329,shoulder,394,196
329,hip,359,310
329,knee,359,310
329,handle,318,815
330,head,299,18
330,shoulder,394,196
330,hip,360,313
330,knee,360,313
330,handle,318,817
331,head,299,17
331,shoulder,394,196
331,hip,361,316
331,knee,361,316
331,handle,319,819
332,head,299,17
332,shoulder,394,196
332,hip,362,319
332,knee,362,319
332,handle,320,822
333,head,299,17
333,shoulder,394,196
333,hip,361,316
333,knee,361,316
333,handle,321,822
334,head,299,17
334,shoulder,394,196
334,hip,360,313
334,knee,360,313
334,handle,321,822
335,head,299,17
335,shoulder,395,196
335,hip,359,310
335,knee,359,310
335,handle,322,822
336,head,299,17
336,shoulder,388,197
336,hip,358,307
336,knee,358,307
336,handle,322,822
337,head,299,17
337,shoulder,382,186
337,hip,358,304
337,knee,358,304
337,handle,322,822
338,head,299,17
338,shoulder,375,176
338,hip,355,308
338,knee,355,308
338,handle,323,822
339,head,299,17
339,shoulder,367,165
339,hip,346,314
339,knee,346,314
339,handle,324,821
340,head,299,16
340,shoulder,360,155
340,hip,333,322
340,knee,333,322
340,handle,325,820
341,head,299,16
341,shoulder,360,144
341,hip,316,331
341,knee,316,331
341,handle,326,819
342,head,299,16
342,shoulder,359,144
342,hip,294,340
342,knee,294,340
342,handle,327,818
343,head,298,16
343,shoulder,359,144
343,hip,273,378
343,knee,273,378
343,handle,327,819
344,head,298,16
344,shoulder,359,144
344,hip,256,414
344,knee,256,414
344,handle,327,819
345,head,298,16
345,shoulder,359,144
345,hip,243,449
345,knee,243,449
345,handle,326,820
346,head,297,17
346,shoulder,359,143
346,hip,236,481
346,knee,236,481
346,handle,326,820
347,head,297,18
347,shoulder,359,143
347,hip,235,515
347,knee,235,515
347,handle,326,821
348,head,297,19
348,shoulder,359,142
348,hip,238,519
348,knee,238,519
348,handle,326,820
349,head,297,19
349,shoulder,359,142
349,hip,250,524
349,knee,250,524
349,handle,326,820
350,head,297,19
350,shoulder,359,142
350,hip,268,527
350,knee,268,527
350,handle,325,820
351,head,296,19
351,shoulder,359,142
351,hip,291,528
351,knee,291,528
351,handle,324,820
352,head,296,17
352,shoulder,359,142
352,hip,320,527
352,knee,320,527
352,handle,324,820
353,head,296,16
353,shoulder,359,142
353,hip,337,515
353,knee,337,515
353,handle,324,818
354,head,296,15
354,shoulder,360,142
354,hip,349,509
354,knee,349,509
354,handle,324,815
355,head,295,13
355,shoulder,360,141
355,hip,354,504
355,knee,354,504
355,handle,324,813
356,head,295,12
356,shoulder,360,141
356,hip,352,500
356,knee,352,500
356,handle,323,810
357,head,295,11
357,shoulder,360,141
357,hip,342,498
357,knee,342,498
357,handle,323,808
358,head,294,11
358,shoulder,360,140
358,hip,345,505
358,knee,345,505
358,handle,322,809
359,head,294,11
359,shoulder,360,139
359,hip,348,507
359,knee,348,507
359,handle,321,811
360,head,293,11
360,shoulder,359,139
360,hip,351,509
360,knee,351,509
360,handle,320,812
361,head,293,11
361,shoulder,359,138
361,hip,353,511
361,knee,353,511
361,handle,320,814
362,head,292,12
362,shoulder,359,138
362,hip,356,513
362,knee,356,513
362,handle,318,816
363,head,292,13
363,shoulder,358,137
363,hip,357,512
363,knee,357,512
363,handle,318,814
364,head,291,13
364,shoulder,358,136
364,hip,358,511
364,knee,358,511
364,handle,318,813
365,head,291,14
365,shoulder,358,136
365,hip,359,510
365,knee,359,510
365,handle,318,811
366,head,291,14
366,shoulder,358,135
366,hip,360,509
366,knee,360,509
366,handle,317,810
367,head,291,13
367,shoulder,358,135
367,hip,361,509
367,knee,361,509
367,handle,317,809
368,head,291,12
368,shoulder,358,134
368,hip,360,508
368,knee,360,508
368,handle,316,809
369,head,291,11
369,shoulder,358,133
369,hip,359,508
369,knee,359,508
369,handle,316,809
370,head,290,10
370,shoulder,358,132
370,hip,358,507
370,knee,358,507
370,handle,315,810
371,head,290,9
371,shoulder,358,131
371,hip,357,507
371,knee,357,507
371,handle,315,810
372,head,289,10
372,shoulder,358,131
372,hip,357,507
372,knee,357,507
372,handle,315,811
373,head,289,11
373,shoulder,357,130
373,hip,356,506
373,knee,356,506
373,handle,315,808
374,head,288,12
374,shoulder,357,130
374,hip,356,505
374,knee,356,505
374,handle,315,806
375,head,287,13
375,shoulder,356,129
375,hip,356,505
375,knee,356,505
375,handle,315,803
376,head,284,13
376,shoulder,356,129
376,hip,356,504
376,knee,356,504
376,handle,316,801
377,head,282,14
377,shoulder,356,129
377,hip,356,504
377,knee,356,504
377,handle,316,799
378,head,279,14
378,shoulder,355,129
378,hip,353,505
378,knee,353,505
378,handle,316,801
379,head,277,15
379,shoulder,355,128
379,hip,350,505
379,knee,350,505
379,handle,316,804
380,head,275,15
380,shoulder,355,128
380,hip,347,506
380,knee,347,506
380,handle,316,806
381,head,275,16
381,shoulder,355,128
381,hip,344,506
381,knee,344,506
381,handle,316,809
382,head,275,17
382,shoulder,355,128
382,hip,341,506
382,knee,341,506
382,handle,316,811
383,head,275,17
383,shoulder,354,128
383,hip,343,505
383,knee,343,505
383,handle,316,811
384,head,275,17
384,shoulder,354,128
384,hip,346,505
384,knee,346,505
384,handle,315,811
385,head,275,17
385,shoulder,353,128
385,hip,349,505
385,knee,349,505
385,handle,315,810
386,head,275,17
386,shoulder,353,128
386,hip,351,505
386,knee,351,505
386,handle,314,810
387,head,275,18
387,shoulder,353,128
387,hip,354,505
387,knee,354,505
387,handle,314,810
388,head,275,18
388,shoulder,353,128
388,hip,354,505
388,knee,354,505
388,handle,314,806
389,head,275,18
389,shoulder,353,127
389,hip,353,505
389,knee,353,505
389,handle,314,803
390,head,275,18
390,shoulder,353,127
390,hip,353,505
390,knee,353,505
390,handle,314,800
391,head,275,18
391,shoulder,353,127
391,hip,353,505
391,knee,353,505
391,handle,314,797
392,head,275,19
392,shoulder,353,127
392,hip,353,505
392,knee,353,505
392,handle,314,794
393,head,275,19
393,shoulder,353,125
393,hip,353,515
393,knee,353,515
393,handle,314,797
394,head,275,19
394,shoulder,353,124
394,hip,350,531
394,knee,350,531
394,handle,314,800
395,head,275,19
395,shoulder,353,123
395,hip,344,547
395,knee,344,547
395,handle,315,803
396,head,275,19
396,shoulder,353,122
396,hip,337,566
396,knee,337,566
396,handle,315,807
397,head,275,19
397,shoulder,353,121
397,hip,327,588
397,knee,327,588
397,handle,316,810
398,head,275,19
398,shoulder,353,122
398,hip,310,598
398,knee,310,598
398,handle,316,808
399,head,275,19
399,shoulder,352,124
399,hip,292,603
399,knee,292,603
399,handle,315,806
400,head,275,19
400,shoulder,352,125
400,hip,276,609
400,knee,276,609
400,handle,316,804
401,head,275,19
401,shoulder,352,126
401,hip,261,612
401,knee,261,612
401,handle,317,802
402,head,275,19
402,shoulder,352,127
402,hip,250,612
402,knee,250,612
402,handle,316,800
403,head,275,19
403,shoulder,352,127
403,hip,246,611
403,knee,246,611
403,handle,315,796
404,head,275,19
404,shoulder,352,127
404,hip,247,609
404,knee,247,609
404,handle,315,792
405,head,275,19
405,shoulder,351,128
405,hip,249,606
405,knee,249,606
405,handle,313,788
406,head,275,19
406,shoulder,351,128
406,hip,251,603
406,knee,251,603
406,handle,311,784
407,head,275,19
407,shoulder,351,128
407,hip,253,601
407,knee,253,601
407,handle,311,780
408,head,275,19
408,shoulder,351,128
408,hip,252,604
408,knee,252,604
408,handle,311,783
409,head,275,19
409,shoulder,351,128
409,hip,249,607
409,knee,249,607
409,handle,311,786
410,head,275,19
410,shoulder,351,128
410,hip,247,610
410,knee,247,610
410,handle,311,789
411,head,275,19
411,shoulder,351,128
411,hip,244,613
411,knee,244,613
411,handle,311,791
412,head,275,19
412,shoulder,351,128
412,hip,242,616
412,knee,242,616
412,handle,311,794
413,head,275,19
413,shoulder,350,127
413,hip,241,616
413,knee,241,616
413,handle,311,796
414,head,275,19
414,shoulder,350,127
414,hip,239,616
414,knee,239,616
414,handle,311,798
415,head,275,19
415,shoulder,350,126
415,hip,238,617
415,knee,238,617
415,handle,310,801
416,head,275,19
416,shoulder,350,126
416,hip,237,617
416,knee,237,617
416,handle,309,803
417,head,275,19
417,shoulder,350,126
417,hip,236,617
417,knee,236,617
417,handle,307,806
418,head,275,19
418,shoulder,349,125
418,hip,235,617
418,knee,235,617
418,handle,308,803
419,head,275,19
419,shoulder,349,125
419,hip,235,617
419,knee,235,617
419,handle,309,800
420,head,275,19
420,shoulder,349,125
420,hip,234,617
420,knee,234,617
420,handle,311,797
421,head,275,19
421,shoulder,349,125
421,hip,233,617
421,knee,233,617
421,handle,313,794
422,head,275,19
422,shoulder,349,125
422,hip,233,617
422,knee,233,617
422,handle,315,792
423,head,275,19
423,shoulder,348,124
423,hip,233,616
423,knee,233,616
423,handle,314,794
424,head,275,19
424,shoulder,347,124
424,hip,234,614
424,knee,234,614
424,handle,314,797
425,head,275,19
425,shoulder,347,124
425,hip,234,613
425,knee,234,613
425,handle,313,799
426,head,275,19
426,shoulder,346,124
426,hip,235,612
426,knee,235,612
426,handle,312,802
427,head,275,19
427,shoulder,346,124
427,hip,235,611
427,knee,235,611
427,handle,312,804
428,head,275,19
428,shoulder,345,123
428,hip,234,613
428,knee,234,613
428,handle,310,805
429,head,275,18
429,shoulder,345,123
429,hip,232,615
429,knee,232,615
429,handle,308,806
430,head,274,18
430,shoulder,344,124
430,hip,231,617
430,knee,231,617
430,handle,306,806
431,head,274,17
431,shoulder,344,124
431,hip,230,619
431,knee,230,619
431,handle,305,807
432,head,274,17
432,shoulder,344,124
432,hip,229,622
432,knee,229,622
432,handle,303,807
433,head,274,16
433,shoulder,343,124
433,hip,232,617
433,knee,232,617
433,handle,303,807
434,head,273,16
434,shoulder,343,124
434,hip,234,613
434,knee,234,613
434,handle,302,806
435,head,273,16
435,shoulder,343,123
435,hip,236,609
435,knee,236,609
435,handle,302,806
436,head,273,16
436,shoulder,343,123
436,hip,238,605
436,knee,238,605
436,handle,301,805
437,head,272,16
437,shoulder,343,122
437,hip,240,600
437,knee,240,600
437,handle,300,805
438,head,272,16
438,shoulder,342,122
438,hip,240,600
438,knee,240,600
438,handle,299,805
439,head,271,16
439,shoulder,342,122
439,hip,240,601
439,knee,240,601
439,handle,300,805
440,head,271,16
440,shoulder,342,123
440,hip,240,601
440,knee,240,601
440,handle,301,805
441,head,271,16
441,shoulder,342,123
441,hip,240,601
441,knee,240,601
441,handle,302,805
442,head,271,17
442,shoulder,342,123
442,hip,241,601
442,knee,241,601
442,handle,303,805
443,head,271,17
443,shoulder,342,123
443,hip,238,602
443,knee,238,602
443,handle,304,804
444,head,271,17
444,shoulder,342,123
444,hip,236,603
444,knee,236,603
444,handle,305,803
445,head,271,17
445,shoulder,341,123
445,hip,233,604
445,knee,233,604
445,handle,305,802
446,head,271,17
446,shoulder,341,123
446,hip,230,604
446,knee,230,604
446,handle,305,801
447,head,271,18
447,shoulder,341,123
447,hip,227,605
447,knee,227,605
447,handle,305,800
448,head,271,18
448,shoulder,341,123
448,hip,230,604
448,knee,230,604
448,handle,304,802
449,head,271,18
449,shoulder,340,123
449,hip,233,604
449,knee,233,604
449,handle,304,804
450,head,271,18
450,shoulder,341,126
450,hip,236,603
450,knee,236,603
450,handle,305,806
451,head,271,18
451,shoulder,341,128
451,hip,239,602
451,knee,239,602
451,handle,305,808
452,head,271,19
452,shoulder,342,131
452,hip,242,602
452,knee,242,602
452,handle,305,811
453,head,271,19
453,shoulder,342,131
453,hip,244,603
453,knee,244,603
453,handle,305,811
454,head,270,18
454,shoulder,342,132
454,hip,242,605
454,knee,242,605
454,handle,305,811
455,head,270,18
455,shoulder,342,130
455,hip,238,608
455,knee,238,608
455,handle,305,812
456,head,270,18
456,shoulder,341,128
456,hip,234,613
456,knee,234,613
456,handle,304,812
457,head,270,18
457,shoulder,341,126
457,hip,230,617
457,knee,230,617
457,handle,304,813
458,head,270,18
458,shoulder,340,126
458,hip,226,619
458,knee,226,619
458,handle,304,811
459,head,270,18
459,shoulder,340,126
459,hip,227,619
459,knee,227,619
459,handle,304,808
460,head,269,18
460,shoulder,339,126
460,hip,233,616
460,knee,233,616
460,handle,304,806
461,head,269,18
461,shoulder,339,126
461,hip,243,611
461,knee,243,611
461,handle,304,804
462,head,269,18
462,shoulder,339,126
462,hip,253,607
462,knee,253,607
462,handle,304,802
463,head,268,18
463,shoulder,339,127
463,hip,260,603
463,knee,260,603
463,handle,305,804
464,head,268,18
464,shoulder,339,127
464,hip,265,601
464,knee,265,601
464,handle,305,807
465,head,268,18
465,shoulder,339,127
465,hip,265,600
465,knee,265,600
465,handle,305,809
466,head,268,18
466,shoulder,339,127
466,hip,263,600
466,knee,263,600
466,handle,306,811
467,head,268,19
467,shoulder,339,128
467,hip,260,600
467,knee,260,600
467,handle,306,813
468,head,268,19
468,shoulder,339,128
468,hip,259,602
468,knee,259,602
468,handle,306,811
469,head,267,18
469,shoulder,339,128
469,hip,258,603
469,knee,258,603
469,handle,306,809
470,head,267,18
470,shoulder,339,128
470,hip,258,605
470,knee,258,605
470,handle,306,807
471,head,267,18
471,shoulder,338,128
471,hip,258,607
471,knee,258,607
471,handle,306,805
472,head,266,18
472,shoulder,338,128
472,hip,257,609
472,knee,257,609
472,handle,305,804
473,head,266,18
473,shoulder,337,128
473,hip,260,607
473,knee,260,607
473,handle,305,805
474,head,266,18
474,shoulder,337,128
474,hip,262,605
474,knee,262,605
474,handle,304,807
475,head,266,18
475,shoulder,337,128
475,hip,264,603
475,knee,264,603
475,handle,303,808
476,head,266,18
476,shoulder,337,127
476,hip,267,601
476,knee,267,601
476,handle,302,809
477,head,266,19
477,shoulder,337,127
477,hip,269,599
477,knee,269,599
477,handle,303,810
478,head,266,19
478,shoulder,337,126
478,hip,271,599
478,knee,271,599
478,handle,302,808
479,head,266,19
479,shoulder,337,126
479,hip,273,599
479,knee,273,599
479,handle,302,806
480,head,266,19
480,shoulder,337,125
480,hip,275,599
480,knee,275,599
480,handle,301,805
481,head,266,19
481,shoulder,337,125
481,hip,277,599
481,knee,277,599
481,handle,300,803
482,head,266,19
482,shoulder,337,125
482,hip,279,599
482,knee,279,599
482,handle,299,802
483,head,266,19
483,shoulder,337,124
483,hip,279,598
483,knee,279,598
483,handle,301,798
484,head,266,19
484,shoulder,336,124
484,hip,279,598
484,knee,279,598
484,handle,302,794
485,head,266,19
485,shoulder,336,123
485,hip,279,598
485,knee,279,598
485,handle,304,790
486,head,265,18
486,shoulder,336,123
486,hip,278,597
486,knee,278,597
486,handle,306,787
487,head,265,17
487,shoulder,336,123
487,hip,278,597
487,knee,278,597
487,handle,308,783
488,head,265,16
488,shoulder,336,122
488,hip,278,597
488,knee,278,597
488,handle,304,785
489,head,265,16
489,shoulder,336,122
489,hip,278,596
489,knee,278,596
489,handle,301,788
490,head,265,15
490,shoulder,336,121
490,hip,278,596
490,knee,278,596
490,handle,297,790
491,head,265,16
491,shoulder,336,121
491,hip,278,595
491,knee,278,595
491,handle,293,792
492,head,264,17
492,shoulder,335,121
492,hip,278,595
492,knee,278,595
492,handle,289,794
493,head,264,17
493,shoulder,335,120
493,hip,278,594
493,knee,278,594
493,handle,289,796
494,head,264,17
494,shoulder,335,120
494,hip,279,594
494,knee,279,594
494,handle,288,798
495,head,264,17
495,shoulder,335,120
495,hip,279,593
495,knee,279,593
495,handle,288,800
496,head,263,17
496,shoulder,334,120
496,hip,280,593
496,knee,280,593
496,handle,288,802
497,head,263,17
497,shoulder,334,120
497,hip,280,593
497,knee,280,593
497,handle,287,804
498,head,263,17
498,shoulder,334,119
498,hip,279,592
498,knee,279,592
498,handle,288,801
499,head,263,17
499,shoulder,334,118
499,hip,279,592
499,knee,279,592
499,handle,288,798
500,head,262,17
500,shoulder,334,118
500,hip,278,592
500,knee,278,592
500,handle,289,795
501,head,262,17
501,shoulder,334,117
501,hip,277,592
501,knee,277,592
501,handle,289,792
502,head,262,17
502,shoulder,333,117
502,hip,276,592
502,knee,276,592
502,handle,290,790
503,head,262,17
503,shoulder,333,116
503,hip,277,591
503,knee,277,591
503,handle,292,790
504,head,262,17
504,shoulder,333,116
504,hip,278,591
504,knee,278,591
504,handle,293,791
505,head,262,17
505,shoulder,332,116
505,hip,279,591
505,knee,279,591
505,handle,295,792
506,head,262,17
506,shoulder,333,119
506,hip,281,591
506,knee,281,591
506,handle,296,793
507,head,262,18
507,shoulder,334,122
507,hip,281,591
507,knee,281,591
507,handle,297,794
508,head,262,17
508,shoulder,334,121
508,hip,284,592
508,knee,284,592
508,handle,297,790
509,head,262,17
509,shoulder,334,120
509,hip,283,594
509,knee,283,594
509,handle,296,786
510,head,262,17
510,shoulder,334,119
510,hip,278,597
510,knee,278,597
510,handle,295,782
511,head,261,16
511,shoulder,333,116
511,hip,269,601
511,knee,269,601
511,handle,295,778
512,head,261,16
512,shoulder,332,112
512,hip,261,604
512,knee,261,604
512,handle,295,774
513,head,261,16
513,shoulder,332,111
513,hip,250,604
513,knee,250,604
513,handle,296,776
514,head,261,16
514,shoulder,332,110
514,hip,243,601
514,knee,243,601
514,handle,298,777
515,head,260,15
515,shoulder,332,110
515,hip,243,598
515,knee,243,598
515,handle,300,779
516,head,260,15
516,shoulder,332,109
516,hip,249,592
516,knee,249,592
516,handle,304,781
517,head,259,15
517,shoulder,332,109
517,hip,257,587
517,knee,257,587
517,handle,307,783
518,head,259,15
518,shoulder,332,108
518,hip,266,585
518,knee,266,585
518,handle,309,780
519,head,259,15
519,shoulder,332,110
519,hip,272,583
519,knee,272,583
519,handle,312,777
520,head,258,15
520,shoulder,332,112
520,hip,276,583
520,knee,276,583
520,handle,315,774
521,head,258,16
521,shoulder,332,114
521,hip,278,583
521,knee,278,583
521,handle,317,771
522,head,258,16
522,shoulder,332,116
522,hip,278,583
522,knee,278,583
522,handle,319,769
523,head,257,16
523,shoulder,332,115
523,hip,278,582
523,knee,278,582
523,handle,318,771
524,head,257,16
524,shoulder,331,112
524,hip,277,581
524,knee,277,581
524,handle,316,774
525,head,256,15
525,shoulder,330,108
525,hip,277,581
525,knee,277,581
525,handle,315,776
526,head,256,15
526,shoulder,329,105
526,hip,276,580
526,knee,276,580
526,handle,313,779
527,head,255,15
527,shoulder,329,101
527,hip,276,579
527,knee,276,579
527,handle,311,781
528,head,255,15
528,shoulder,328,100
528,hip,274,577
528,knee,274,577
528,handle,309,776
529,head,255,15
529,shoulder,328,99
529,hip,273,576
529,knee,273,576
529,handle,307,771
530,head,255,15
530,shoulder,327,99
530,hip,272,575
530,knee,272,575
530,handle,305,766
531,head,255,16
531,shoulder,327,98
531,hip,271,574
531,knee,271,574
531,handle,304,761
532,head,255,17
532,shoulder,327,98
532,hip,270,574
532,knee,270,574
532,handle,302,756
533,head,255,17
533,shoulder,326,97
533,hip,270,573
533,knee,270,573
533,handle,300,758
534,head,254,17
534,shoulder,326,96
534,hip,269,573
534,knee,269,573
534,handle,299,761
535,head,254,17
535,shoulder,325,96
535,hip,269,572
535,knee,269,572
535,handle,298,763
536,head,254,17
536,shoulder,325,95
536,hip,268,572
536,knee,268,572
536,handle,297,766
537,head,254,17
537,shoulder,325,95
537,hip,268,572
537,knee,268,572
537,handle,296,769
538,head,253,17
538,shoulder,324,94
538,hip,268,571
538,knee,268,571
538,handle,295,771
539,head,253,17
539,shoulder,323,93
539,hip,268,571
539,knee,268,571
539,handle,295,774
540,head,252,17
540,shoulder,323,93
540,hip,268,571
540,knee,268,571
540,handle,295,776
541,head,251,17
541,shoulder,322,92
541,hip,268,571
541,knee,268,571
541,handle,295,779
542,head,251,17
542,shoulder,322,92
542,hip,269,571
542,knee,269,571
542,handle,296,782
543,head,250,17
543,shoulder,321,92
543,hip,269,571
543,knee,269,571
543,handle,296,780
544,head,250,17
544,shoulder,321,91
544,hip,270,571
544,knee,270,571
544,handle,296,779
545,head,249,17
545,shoulder,321,91
545,hip,270,571
545,knee,270,571
545,handle,296,777
546,head,249,17
546,shoulder,321,90
546,hip,270,571
546,knee,270,571
546,handle,295,776
547,head,249,17
547,shoulder,320,90
547,hip,271,570
547,knee,271,570
547,handle,294,774
548,head,249,17
548,shoulder,320,89
548,hip,270,570
548,knee,270,570
548,handle,294,776
549,head,249,17
549,shoulder,320,89
549,hip,270,570
549,knee,270,570
549,handle,292,777
550,head,249,17
550,shoulder,320,89
550,hip,270,569
550,knee,270,569
550,handle,292,778
551,head,249,17
551,shoulder,320,89
551,hip,269,569
551,knee,269,569
551,handle,291,780
552,head,249,18
552,shoulder,320,89
552,hip,269,569
552,knee,269,569
552,handle,291,781
553,head,249,18
553,shoulder,320,89
553,hip,269,569
553,knee,269,569
553,handle,291,781
554,head,249,18
554,shoulder,319,89
554,hip,270,569
554,knee,270,569
554,handle,291,781
555,head,248,18
555,shoulder,319,89
555,hip,270,570
555,knee,270,570
555,handle,291,781
556,head,248,18
556,shoulder,318,90
556,hip,271,571
556,knee,271,571
556,handle,291,781
557,head,248,18
557,shoulder,318,90
557,hip,271,571
557,knee,271,571
557,handle,291,782
558,head,247,18
558,shoulder,318,90
558,hip,271,572
558,knee,271,572
558,handle,291,781
559,head,247,17
559,shoulder,317,92
559,hip,272,572
559,knee,272,572
559,handle,293,780
560,head,247,17
560,shoulder,316,90
560,hip,272,572
560,knee,272,572
560,handle,294,778
561,head,247,17
561,shoulder,315,92
561,hip,272,572
561,knee,272,572
561,handle,296,777
562,head,247,17
562,shoulder,315,98
562,hip,273,572
562,knee,273,572
562,handle,297,776
563,head,247,17
563,shoulder,315,106
563,hip,269,573
563,knee,269,573
563,handle,298,778
564,head,246,17
564,shoulder,317,112
564,hip,261,575
564,knee,261,575
564,handle,297,779
565,head,246,17
565,shoulder,318,122
565,hip,249,578
565,knee,249,578
565,handle,296,781
566,head,245,17
566,shoulder,318,128
566,hip,236,583
566,knee,236,583
566,handle,294,783
567,head,245,17
567,shoulder,319,130
567,hip,222,588
567,knee,222,588
567,handle,293,785
568,head,244,17
568,shoulder,319,130
568,hip,214,593
568,knee,214,593
568,handle,293,784
569,head,243,17
569,shoulder,319,130
569,hip,211,595
569,knee,211,595
569,handle,293,783
570,head,243,17
570,shoulder,319,131
570,hip,215,595
570,knee,215,595
570,handle,294,782
571,head,243,17
571,shoulder,319,131
571,hip,223,592
571,knee,223,592
571,handle,295,781
572,head,243,18
572,shoulder,319,131
572,hip,236,588
572,knee,236,588
572,handle,295,779
573,head,243,18
573,shoulder,319,124
573,hip,249,583
573,knee,249,583
573,handle,295,776
574,head,243,18
574,shoulder,319,117
574,hip,262,581
574,knee,262,581
574,handle,295,773
575,head,243,18
575,shoulder,318,109
575,hip,273,579
575,knee,273,579
575,handle,294,769
576,head,243,18
576,shoulder,318,101
576,hip,280,579
576,knee,280,579
576,handle,294,766
577,head,243,19
577,shoulder,318,93
577,hip,283,579
577,knee,283,579
577,handle,293,762
578,head,243,19
578,shoulder,318,93
578,hip,285,581
578,knee,285,581
578,handle,293,765
579,head,243,19
579,shoulder,317,93
579,hip,286,582
579,knee,286,582
579,handle,293,768
580,head,243,19
580,shoulder,317,92
580,hip,288,584
580,knee,288,584
580,handle,293,771
581,head,242,19
581,shoulder,316,92
581,hip,290,585
581,knee,290,585
581,handle,291,774
582,head,242,19
582,shoulder,316,92
582,hip,291,586
582,knee,291,586
582,handle,290,776
583,head,242,19
583,shoulder,316,91
583,hip,290,586
583,knee,290,586
583,handle,289,775
584,head,242,19
584,shoulder,315,91
584,hip,290,586
584,knee,290,586
584,handle,289,774
585,head,242,19
585,shoulder,315,91
585,hip,289,585
585,knee,289,585
585,handle,288,772
586,head,242,19
586,shoulder,315,91
586,hip,289,585
586,knee,289,585
586,handle,288,771
587,head,242,19
587,shoulder,315,91
587,hip,289,585
587,knee,289,585
587,handle,288,770
588,head,242,19
588,shoulder,314,90
588,hip,288,584
588,knee,288,584
588,handle,288,772
589,head,241,18
589,shoulder,314,90
589,hip,288,584
589,knee,288,584
589,handle,288,774
590,head,241,18
590,shoulder,314,89
590,hip,287,583
590,knee,287,583
590,handle,287,777
591,head,241,18
591,shoulder,313,89
591,hip,287,583
591,knee,287,583
591,handle,287,779
592,head,240,18
592,shoulder,313,89
592,hip,287,583
592,knee,287,583
592,handle,286,781
593,head,239,17
593,shoulder,312,88
593,hip,286,582
593,knee,286,582
593,handle,285,781
594,head,239,17
594,shoulder,312,87
594,hip,286,581
594,knee,286,581
594,handle,283,780
595,head,238,17
595,shoulder,312,87
595,hip,285,581
595,knee,285,581
595,handle,282,780
596,head,238,17
596,shoulder,312,86
596,hip,285,580
596,knee,285,580
596,handle,281,779
597,head,238,18
597,shoulder,311,86
597,hip,285,580
597,knee,285,580
597,handle,281,779
598,head,238,18
598,shoulder,311,85
598,hip,284,580
598,knee,284,580
598,handle,280,777
599,head,237,18
599,shoulder,310,84
599,hip,284,581
599,knee,284,581
599,handle,280,775
600,head,237,18
600,shoulder,310,84
600,hip,284,581
600,knee,284,581
600,handle,279,773
601,head,237,18
601,shoulder,309,83
601,hip,283,582
601,knee,283,582
601,handle,277,771
602,head,237,18
602,shoulder,309,82
602,hip,283,582
602,knee,283,582
602,handle,276,769
603,head,236,18
603,shoulder,309,81
603,hip,283,581
603,knee,283,581
603,handle,275,769
604,head,236,17
604,shoulder,309,80
604,hip,283,579
604,knee,283,579
604,handle,274,768
605,head,236,17
605,shoulder,309,80
605,hip,283,578
605,knee,283,578
605,handle,274,768
606,head,235,16
606,shoulder,309,79
606,hip,282,576
606,knee,282,576
606,handle,274,767
607,head,235,16
607,shoulder,308,78
607,hip,282,574
607,knee,282,574
607,handle,273,767
608,head,234,15
608,shoulder,308,78
608,hip,282,574
608,knee,282,574
608,handle,273,763
609,head,234,15
609,shoulder,308,77
609,hip,282,574
609,knee,282,574
609,handle,273,759
610,head,233,15
610,shoulder,307,76
610,hip,282,574
610,knee,282,574
610,handle,273,755
611,head,232,15
611,shoulder,307,75
611,hip,281,574
611,knee,281,574
611,handle,273,751
612,head,232,15
612,shoulder,307,75
612,hip,281,574
612,knee,281,574
612,handle,274,747
613,head,231,15
613,shoulder,306,74
613,hip,281,573
613,knee,281,573
613,handle,274,748
614,head,231,15
614,shoulder,306,73
614,hip,281,572
614,knee,281,572
614,handle,274,750
615,head,231,16
615,shoulder,306,72
615,hip,282,571
615,knee,282,571
615,handle,275,752
616,head,231,16
616,shoulder,310,81
616,hip,282,570
616,knee,282,570
616,handle,275,754
617,head,230,17
617,shoulder,309,91
617,hip,282,569
617,knee,282,569
617,handle,275,756
618,head,230,17
618,shoulder,301,99
618,hip,281,567
618,knee,281,567
618,handle,276,758
619,head,230,17
619,shoulder,288,107
619,hip,275,567
619,knee,275,567
619,handle,277,761
620,head,230,17
620,shoulder,273,116
620,hip,264,568
620,knee,264,568
620,handle,277,763
621,head,229,17
621,shoulder,252,115
621,hip,251,573
621,knee,251,573
621,handle,277,766
622,head,229,17
622,shoulder,235,113
622,hip,239,577
622,knee,239,577
622,handle,276,769
623,head,229,17
623,shoulder,221,116
623,hip,225,582
623,knee,225,582
623,handle,276,768
624,head,229,17
624,shoulder,212,118
624,hip,216,583
624,knee,216,583
624,handle,275,768
625,head,227,15
625,shoulder,209,119
625,hip,214,581
625,knee,214,581
625,handle,275,767
626,head,225,14
626,shoulder,211,121
626,hip,218,575
626,knee,218,575
626,handle,275,767
627,head,223,12
627,shoulder,220,122
627,hip,225,568
627,knee,225,568
627,handle,275,767
628,head,221,12
628,shoulder,240,120
628,hip,237,560
628,knee,237,560
628,handle,276,765
629,head,219,12
629,shoulder,266,117
629,hip,248,555
629,knee,248,555
629,handle,276,764
630,head,219,13
630,shoulder,295,113
630,hip,258,551
630,knee,258,551
630,handle,276,763
631,head,219,14
631,shoulder,329,91
631,hip,263,548
631,knee,263,548
631,handle,276,762
632,head,219,15
632,shoulder,359,70
632,hip,264,547
632,knee,264,547
632,handle,276,761
633,head,219,15
633,shoulder,377,50
633,hip,262,546
633,knee,262,546
633,handle,276,761
634,head,219,15
634,shoulder,388,30
634,hip,261,546
634,knee,261,546
634,handle,276,761
635,head,219,16
635,shoulder,392,10
635,hip,258,545
635,knee,258,545
635,handle,276,761
636,head,219,16
636,shoulder,387,9
636,hip,257,545
636,knee,257,545
636,handle,276,761
637,head,219,17
637,shoulder,383,7
637,hip,255,544
637,knee,255,544
637,handle,276,761
638,head,219,17
638,shoulder,386,8
638,hip,252,545
638,knee,252,545
638,handle,276,758
639,head,219,17
639,shoulder,389,9
639,hip,248,546
639,knee,248,546
639,handle,276,755
640,head,219,17
640,shoulder,393,10
640,hip,244,547
640,knee,244,547
640,handle,274,752
641,head,219,17
641,shoulder,396,11
641,hip,240,548
641,knee,240,548
641,handle,272,749
642,head,219,18
642,shoulder,399,11
642,hip,236,549
642,knee,236,549
642,handle,270,747
643,head,219,18
643,shoulder,395,9
643,hip,233,547
643,knee,233,547
643,handle,268,745
644,head,219,18
644,shoulder,392,6
644,hip,230,545
644,knee,230,545
644,handle,265,743
645,head,219,18
645,shoulder,389,4
645,hip,227,544
645,knee,227,544
645,handle,264,741
646,head,219,18
646,shoulder,386,2
646,hip,225,542
646,knee,225,542
646,handle,262,739
647,head,219,19
647,shoulder,384,0
647,hip,222,541
647,knee,222,541
647,handle,261,738
648,head,219,19
648,shoulder,385,0
648,hip,217,543
648,knee,217,543
648,handle,261,740
649,head,219,19
649,shoulder,385,0
649,hip,213,546
649,knee,213,546
649,handle,261,743
650,head,219,19
650,shoulder,386,0
650,hip,208,548
650,knee,208,548
650,handle,262,745
651,head,219,19
651,shoulder,386,0
651,hip,204,551
651,knee,204,551
651,handle,262,748
652,head,219,19
652,shoulder,387,0
652,hip,199,554
652,knee,199,554
652,handle,263,751
653,head,218,19
653,shoulder,390,3
653,hip,195,553
653,knee,195,553
653,handle,261,749
654,head,218,19
654,shoulder,393,7
654,hip,190,552
654,knee,190,552
654,handle,260,748
655,head,218,18
655,shoulder,396,10
655,hip,185,552
655,knee,185,552
655,handle,259,747
656,head,217,18
656,shoulder,398,13
656,hip,181,551
656,knee,181,551
656,handle,258,746
657,head,216,18
657,shoulder,401,16
657,hip,177,551
657,knee,177,551
657,handle,257,745
658,head,216,18
658,shoulder,399,18
658,hip,178,549
658,knee,178,549
658,handle,258,746
659,head,215,18
659,shoulder,397,20
659,hip,179,548
659,knee,179,548
659,handle,259,746
660,head,214,18
660,shoulder,396,22
660,hip,181,547
660,knee,181,547
660,handle,260,747
661,head,213,19
661,shoulder,394,24
661,hip,182,546
661,knee,182,546
661,handle,261,747
662,head,213,18
662,shoulder,393,26
662,hip,183,545
662,knee,183,545
662,handle,262,748
663,head,212,18
663,shoulder,389,24
663,hip,186,546
663,knee,186,546
663,handle,265,747
664,head,212,17
664,shoulder,385,22
664,hip,189,547
664,knee,189,547
664,handle,266,747
665,head,211,17
665,shoulder,381,20
665,hip,192,548
665,knee,192,548
665,handle,268,746
666,head,210,16
666,shoulder,372,14
666,hip,195,549
666,knee,195,549
666,handle,270,746
667,head,209,16
667,shoulder,363,9
667,hip,197,551
667,knee,197,551
667,handle,272,745
668,head,209,16
668,shoulder,355,8
668,hip,196,552
668,knee,196,552
668,handle,270,743
669,head,208,16
669,shoulder,346,6
669,hip,195,553
669,knee,195,553
669,handle,268,741
670,head,207,16
670,shoulder,338,5
670,hip,193,554
670,knee,193,554
670,handle,266,739
671,head,206,16
671,shoulder,335,8
671,hip,192,556
671,knee,192,556
671,handle,265,737
672,head,205,17
672,shoulder,332,10
672,hip,191,557
672,knee,191,557
672,handle,264,735
673,head,204,17
673,shoulder,329,13
673,hip,190,555
673,knee,190,555
673,handle,265,737
674,head,204,17
674,shoulder,327,16
674,hip,190,553
674,knee,190,553
674,handle,267,739
675,head,203,17
675,shoulder,325,18
675,hip,188,553
675,knee,188,553
675,handle,268,741
676,head,203,16
676,shoulder,323,21
676,hip,186,555
676,knee,186,555
676,handle,269,743
677,head,203,18
677,shoulder,321,24
677,hip,184,555
677,knee,184,555
677,handle,269,745
678,head,203,19
678,shoulder,320,27
678,hip,183,558
678,knee,183,558
678,handle,270,746
679,head,204,20
679,shoulder,318,30
679,hip,182,560
679,knee,182,560
679,handle,271,747
680,head,204,21
680,shoulder,316,33
680,hip,185,559
680,knee,185,559
680,handle,272,748
681,head,204,23
681,shoulder,314,36
681,hip,188,557
681,knee,188,557
681,handle,273,749
682,head,203,23
682,shoulder,312,40
682,hip,190,556
682,knee,190,556
682,handle,274,749
683,head,203,23
683,shoulder,314,38
683,hip,194,554
683,knee,194,554
683,handle,276,752
684,head,203,23
684,shoulder,316,36
684,hip,198,554
684,knee,198,554
684,handle,278,755
685,head,203,23
685,shoulder,318,35
685,hip,200,554
685,knee,200,554
685,handle,279,758
686,head,203,23
686,shoulder,320,34
686,hip,202,554
686,knee,202,554
686,handle,281,761
687,head,203,23
687,shoulder,322,33
687,hip,205,555
687,knee,205,555
687,handle,283,764
688,head,203,23
688,shoulder,320,34
688,hip,201,552
688,knee,201,552
688,handle,283,763
689,head,203,23
689,shoulder,319,35
689,hip,198,550
689,knee,198,550
689,handle,283,762
690,head,203,23
690,shoulder,318,35
690,hip,194,547
690,knee,194,547
690,handle,283,761
691,head,203,23
691,shoulder,317,36
691,hip,191,544
691,knee,191,544
691,handle,283,759
692,head,203,23
692,shoulder,316,37
692,hip,188,541
692,knee,188,541
692,handle,283,758
693,head,203,23
693,shoulder,316,41
693,hip,188,543
693,knee,188,543
693,handle,285,760
694,head,203,23
694,shoulder,316,45
694,hip,188,545
694,knee,188,545
694,handle,287,762
695,head,203,23
695,shoulder,316,50
695,hip,188,547
695,knee,188,547
695,handle,290,765
696,head,203,23
696,shoulder,316,54
696,hip,188,550
696,knee,188,550
696,handle,292,767
697,head,203,23
697,shoulder,317,59
697,hip,188,552
697,knee,188,552
697,handle,295,770
698,head,203,23
698,shoulder,317,60
698,hip,189,555
698,knee,189,555
698,handle,295,771
699,head,203,23
699,shoulder,317,61
699,hip,190,557
699,knee,190,557
699,handle,295,773
700,head,203,23
700,shoulder,317,61
700,hip,191,560
700,knee,191,560
700,handle,295,775
701,head,203,23
701,shoulder,317,62
701,hip,191,562
701,knee,191,562
701,handle,296,776
702,head,203,23
702,shoulder,318,63
702,hip,192,563
702,knee,192,563
702,handle,296,777
703,head,203,23
703,shoulder,320,65
703,hip,193,566
703,knee,193,566
703,handle,293,778
704,head,203,23
704,shoulder,322,67
704,hip,195,569
704,knee,195,569
704,handle,289,779
705,head,203,23
705,shoulder,325,69
705,hip,196,572
705,knee,196,572
705,handle,286,779
706,head,203,23
706,shoulder,327,72
706,hip,198,575
706,knee,198,575
706,handle,282,780
707,head,203,23
707,shoulder,330,74
707,hip,199,578
707,knee,199,578
707,handle,279,781
708,head,203,23
708,shoulder,330,75
708,hip,197,580
708,knee,197,580
708,handle,279,781
709,head,203,23
709,shoulder,330,76
709,hip,195,582
709,knee,195,582
709,handle,279,782
710,head,203,23
710,shoulder,331,77
710,hip,193,584
710,knee,193,584
710,handle,279,782
711,head,203,23
711,shoulder,331,78
711,hip,191,586
711,knee,191,586
711,handle,279,783
712,head,203,23
712,shoulder,332,79
712,hip,189,588
712,knee,189,588
712,handle,279,784
713,head,203,23
713,shoulder,330,82
713,hip,192,590
713,knee,192,590
713,handle,280,783
714,head,203,23
714,shoulder,328,85
714,hip,194,592
714,knee,194,592
714,handle,281,781
715,head,203,23
715,shoulder,326,88
715,hip,197,595
715,knee,197,595
715,handle,282,780
716,head,203,23
716,shoulder,324,91
716,hip,200,597
716,knee,200,597
716,handle,283,778
717,head,203,23
717,shoulder,323,94
717,hip,203,600
717,knee,203,600
717,handle,283,777
718,head,203,23
718,shoulder,323,94
718,hip,203,600
718,knee,203,600
718,handle,283,780
719,head,203,23
719,shoulder,324,95
719,hip,203,601
719,knee,203,601
719,handle,283,783
720,head,203,23
720,shoulder,324,96
720,hip,203,601
720,knee,203,601
720,handle,283,786
721,head,203,23
721,shoulder,325,97
721,hip,203,602
721,knee,203,602
721,handle,283,789
722,head,203,23
722,shoulder,326,98
722,hip,203,602
722,knee,203,602
722,handle,284,792
723,head,203,23
723,shoulder,320,89
723,hip,200,601
723,knee,200,601
723,handle,284,792
724,head,203,23
724,shoulder,314,81
724,hip,198,599
724,knee,198,599
724,handle,285,793
725,head,203,23
725,shoulder,308,73
725,hip,195,598
725,knee,195,598
725,handle,285,793
726,head,203,23
726,shoulder,302,65
726,hip,193,597
726,knee,193,597
726,handle,286,794
727,head,203,23
727,shoulder,296,57
727,hip,191,596
727,knee,191,596
727,handle,286,795
728,head,203,23
728,shoulder,296,58
728,hip,191,596
728,knee,191,596
728,handle,286,793
729,head,203,23
729,shoulder,297,59
729,hip,192,597
729,knee,192,597
729,handle,286,791
730,head,203,23
730,shoulder,297,59
730,hip,193,597
730,knee,193,597
730,handle,286,789
731,head,203,23
731,shoulder,298,60
731,hip,194,598
731,knee,194,598
731,handle,286,787
732,head,203,23
732,shoulder,299,61
732,hip,195,598
732,knee,195,598
732,handle,286,786
733,head,203,23
733,shoulder,299,61
733,hip,198,595
733,knee,198,595
733,handle,286,788
734,head,203,23
734,shoulder,300,62
734,hip,200,593
734,knee,200,593
734,handle,286,791
735,head,203,23
735,shoulder,300,63
735,hip,203,590
735,knee,203,590
735,handle,286,794
736,head,203,23
736,shoulder,301,64
736,hip,205,587
736,knee,205,587
736,handle,286,797
737,head,203,23
737,shoulder,302,65
737,hip,207,585
737,knee,207,585
737,handle,287,800
738,head,203,23
738,shoulder,302,65
738,hip,205,588
738,knee,205,588
738,handle,287,800
739,head,203,23
739,shoulder,303,66
739,hip,204,592
739,knee,204,592
739,handle,287,800
740,head,203,23
740,shoulder,304,66
740,hip,202,596
740,knee,202,596
740,handle,287,801
741,head,203,23
741,shoulder,305,67
741,hip,200,599
741,knee,200,599
741,handle,288,801
742,head,203,23
742,shoulder,305,68
742,hip,198,603
742,knee,198,603
742,handle,288,802
743,head,203,23
743,shoulder,306,69
743,hip,198,603
743,knee,198,603
743,handle,288,800
744,head,203,23
744,shoulder,306,70
744,hip,199,603
744,knee,199,603
744,handle,288,799
745,head,203,23
745,shoulder,306,70
745,hip,200,604
745,knee,200,604
745,handle,288,797
746,head,203,23
746,shoulder,306,71
746,hip,200,604
746,knee,200,604
746,handle,287,795
747,head,203,23
747,shoulder,306,72
747,hip,201,605
747,knee,201,605
747,handle,286,794
748,head,203,23
748,shoulder,306,72
748,hip,204,606
748,knee,204,606
748,handle,286,796
749,head,203,23
749,shoulder,306,73
749,hip,206,607
749,knee,206,607
749,handle,286,799
750,head,203,23
750,shoulder,307,73
750,hip,209,609
750,knee,209,609
750,handle,286,801
751,head,203,23
751,shoulder,307,74
751,hip,212,610
751,knee,212,610
751,handle,287,804
752,head,203,23
752,shoulder,308,75
752,hip,215,612
752,knee,215,612
752,handle,288,807
753,head,203,23
753,shoulder,308,75
753,hip,210,612
753,knee,210,612
753,handle,286,807
754,head,203,23
754,shoulder,308,76
754,hip,205,613
754,knee,205,613
754,handle,285,807
755,head,203,23
755,shoulder,308,76
755,hip,201,613
755,knee,201,613
755,handle,284,808
756,head,203,23
756,shoulder,308,77
756,hip,196,614
756,knee,196,614
756,handle,282,808
757,head,203,23
757,shoulder,309,78
757,hip,192,615
757,knee,192,615
757,handle,281,809
758,head,203,23
758,shoulder,309,78
758,hip,191,618
758,knee,191,618
758,handle,282,807
759,head,203,23
759,shoulder,309,78
759,hip,190,621
759,knee,190,621
759,handle,283,805
760,head,203,23
760,shoulder,310,79
760,hip,189,624
760,knee,189,624
760,handle,284,803
761,head,203,23
761,shoulder,310,79
761,hip,188,626
761,knee,188,626
761,handle,285,801
762,head,203,23
762,shoulder,311,80
762,hip,187,629
762,knee,187,629
762,handle,286,800
763,head,203,23
763,shoulder,311,80
763,hip,183,632
763,knee,183,632
763,handle,286,800
764,head,203,23
764,shoulder,310,81
764,hip,179,636
764,knee,179,636
764,handle,286,800
765,head,203,23
765,shoulder,310,81
765,hip,175,639
765,knee,175,639
765,handle,286,800
766,head,203,23
766,shoulder,310,82
766,hip,171,642
766,knee,171,642
766,handle,286,800
767,head,203,23
767,shoulder,310,83
767,hip,166,646
767,knee,166,646
767,handle,286,801
768,head,203,23
768,shoulder,310,83
768,hip,162,645
768,knee,162,645
768,handle,287,800
769,head,203,23
769,shoulder,309,83
769,hip,158,644
769,knee,158,644
769,handle,288,799
770,head,203,23
770,shoulder,309,84
770,hip,154,643
770,knee,154,643
770,handle,290,798
771,head,203,23
771,shoulder,309,84
771,hip,151,642
771,knee,151,642
771,handle,293,797
772,head,203,23
772,shoulder,308,85
772,hip,147,641
772,knee,147,641
772,handle,296,797
773,head,203,23
773,shoulder,308,85
773,hip,148,641
773,knee,148,641
773,handle,296,798
774,head,203,23
774,shoulder,308,86
774,hip,150,642
774,knee,150,642
774,handle,296,800
775,head,203,23
775,shoulder,309,86
775,hip,153,642
775,knee,153,642
775,handle,298,801
776,head,203,23
776,shoulder,309,87
776,hip,155,643
776,knee,155,643
776,handle,298,803
777,head,203,23
777,shoulder,309,88
777,hip,157,644
777,knee,157,644
777,handle,299,805
778,head,203,23
778,shoulder,309,88
778,hip,156,641
778,knee,156,641
778,handle,301,805
779,head,203,23
779,shoulder,309,88
779,hip,154,639
779,knee,154,639
779,handle,303,805
780,head,203,23
780,shoulder,309,88
780,hip,152,636
780,knee,152,636
780,handle,303,806
781,head,203,23
781,shoulder,310,88
781,hip,150,634
781,knee,150,634
781,handle,303,806
782,head,203,23
782,shoulder,310,89
782,hip,149,632
782,knee,149,632
782,handle,303,807
783,head,203,23
783,shoulder,310,89
783,hip,148,635
783,knee,148,635
783,handle,301,809
784,head,203,23
784,shoulder,310,90
784,hip,148,638
784,knee,148,638
784,handle,299,812
785,head,203,23
785,shoulder,310,90
785,hip,148,641
785,knee,148,641
785,handle,298,815
786,head,203,23
786,shoulder,310,91
786,hip,148,644
786,knee,148,644
786,handle,298,817
787,head,203,23
787,shoulder,311,92
787,hip,148,646
787,knee,148,646
787,handle,299,820
788,head,203,23
788,shoulder,311,92
788,hip,149,645
788,knee,149,645
788,handle,300,818
789,head,203,23
789,shoulder,311,92
789,hip,149,643
789,knee,149,643
789,handle,303,816
790,head,203,23
790,shoulder,311,93
790,hip,149,641
790,knee,149,641
790,handle,304,815
791,head,203,23
791,shoulder,311,93
791,hip,149,639
791,knee,149,639
791,handle,304,813
792,head,203,23
792,shoulder,311,94
792,hip,149,637
792,knee,149,637
792,handle,304,812
793,head,203,23
793,shoulder,312,94
793,hip,148,640
793,knee,148,640
793,handle,303,814
794,head,203,23
794,shoulder,312,94
794,hip,147,642
794,knee,147,642
794,handle,301,817
795,head,203,23
795,shoulder,312,94
795,hip,147,645
795,knee,147,645
795,handle,298,819
796,head,203,23
796,shoulder,313,94
796,hip,146,647
796,knee,146,647
796,handle,295,822
797,head,203,23
797,shoulder,314,94
797,hip,145,650
797,knee,145,650
797,handle,293,825
798,head,203,23
798,shoulder,314,94
798,hip,147,648
798,knee,147,648
798,handle,291,824
799,head,203,23
799,shoulder,314,95
799,hip,149,647
799,knee,149,647
799,handle,290,824
800,head,203,23
800,shoulder,315,95
800,hip,150,646
800,knee,150,646
800,handle,289,823
801,head,203,23
801,shoulder,315,96
801,hip,152,645
801,knee,152,645
801,handle,288,823
802,head,203,23
802,shoulder,315,97
802,hip,154,644
802,knee,154,644
802,handle,287,823
803,head,203,23
803,shoulder,315,97
803,hip,154,643
803,knee,154,643
803,handle,286,822
804,head,203,23
804,shoulder,315,98
804,hip,155,643
804,knee,155,643
804,handle,286,821
805,head,203,23
805,shoulder,315,98
805,hip,155,643
805,knee,155,643
805,handle,286,820
806,head,203,23
806,shoulder,315,99
806,hip,155,643
806,knee,155,643
806,handle,286,819
807,head,203,23
807,shoulder,315,100
807,hip,155,643
807,knee,155,643
807,handle,284,818
808,head,203,23
808,shoulder,315,100
808,hip,155,644
808,knee,155,644
808,handle,284,818
809,head,203,23
809,shoulder,315,100
809,hip,155,644
809,knee,155,644
809,handle,284,818
810,head,203,23
810,shoulder,316,101
810,hip,155,645
810,knee,155,645
810,handle,284,819
811,head,203,23
811,shoulder,316,101
811,hip,155,645
811,knee,155,645
811,handle,284,819
812,head,203,23
812,shoulder,316,102
812,hip,155,646
812,knee,155,646
812,handle,285,820
813,head,203,23
813,shoulder,316,102
813,hip,155,646
813,knee,155,646
813,handle,285,820
814,head,203,23
814,shoulder,316,103
814,hip,155,647
814,knee,155,647
814,handle,287,820
815,head,203,23
815,shoulder,316,103
815,hip,155,647
815,knee,155,647
815,handle,289,821
816,head,203,23
816,shoulder,316,104
816,hip,155,648
816,knee,155,648
816,handle,291,821
817,head,203,23
817,shoulder,316,105
817,hip,155,649
817,knee,155,649
817,handle,292,822
818,head,203,23
818,shoulder,316,105
818,hip,154,649
818,knee,154,649
818,handle,293,822
819,head,203,23
819,shoulder,316,105
819,hip,154,648
819,knee,154,648
819,handle,292,822
820,head,203,23
820,shoulder,317,106
820,hip,154,648
820,knee,154,648
820,handle,292,823
821,head,203,23
821,shoulder,317,106
821,hip,154,648
821,knee,154,648
821,handle,290,823
822,head,203,23
822,shoulder,318,106
822,hip,153,647
822,knee,153,647
822,handle,289,823
823,head,203,23
823,shoulder,318,106
823,hip,152,650
823,knee,152,650
823,handle,288,823
824,head,203,23
824,shoulder,318,106
824,hip,151,652
824,knee,151,652
824,handle,288,823
825,head,203,23
825,shoulder,318,106
825,hip,150,654
825,knee,150,654
825,handle,287,823
826,head,203,23
826,shoulder,318,106
826,hip,149,656
826,knee,149,656
826,handle,288,823
827,head,203,23
827,shoulder,319,106
827,hip,148,659
827,knee,148,659
827,handle,288,823
828,head,203,23
828,shoulder,319,106
828,hip,150,659
828,knee,150,659
828,handle,289,823
829,head,203,23
829,shoulder,319,106
829,hip,153,660
829,knee,153,660
829,handle,289,823
830,head,203,23
830,shoulder,319,106
830,hip,155,660
830,knee,155,660
830,handle,289,823
831,head,203,23
831,shoulder,319,106
831,hip,158,661
831,knee,158,661
831,handle,289,823
832,head,203,23
832,shoulder,319,106
832,hip,161,661
832,knee,161,661
832,handle,289,822
833,head,203,23
833,shoulder,319,106
833,hip,159,658
833,knee,159,658
833,handle,289,823
834,head,203,23
834,shoulder,319,106
834,hip,158,655
834,knee,158,655
834,handle,288,823
835,head,203,23
835,shoulder,319,106
835,hip,157,652
835,knee,157,652
835,handle,288,823
836,head,203,23
836,shoulder,320,106
836,hip,156,649
836,knee,156,649
836,handle,287,824
837,head,203,23
837,shoulder,320,107
837,hip,155,646
837,knee,155,646
837,handle,287,824
838,head,203,23
838,shoulder,320,107
838,hip,154,648
838,knee,154,648
838,handle,285,826
839,head,203,23
839,shoulder,320,107
839,hip,154,651
839,knee,154,651
839,handle,284,827
840,head,203,23
840,shoulder,320,107
840,hip,153,654
840,knee,153,654
840,handle,283,829
841,head,203,23
841,shoulder,320,107
841,hip,153,657
841,knee,153,657
841,handle,281,831
842,head,203,23
842,shoulder,320,107
842,hip,152,660
842,knee,152,660
842,handle,280,832
843,head,203,23
843,shoulder,320,107
843,hip,153,658
843,knee,153,658
843,handle,281,830
844,head,203,23
844,shoulder,321,108
844,hip,153,656
844,knee,153,656
844,handle,283,828
845,head,203,23
845,shoulder,321,108
845,hip,154,654
845,knee,154,654
845,handle,284,825
846,head,203,23
846,shoulder,321,108
846,hip,155,652
846,knee,155,652
846,handle,286,823
847,head,203,23
847,shoulder,321,109
847,hip,156,649
847,knee,156,649
847,handle,287,821
848,head,203,23
848,shoulder,321,109
848,hip,156,652
848,knee,156,652
848,handle,288,824
849,head,203,23
849,shoulder,321,109
849,hip,156,655
849,knee,156,655
849,handle,289,828
850,head,203,23
850,shoulder,321,110
850,hip,155,657
850,knee,155,657
850,handle,289,831
851,head,203,23
851,shoulder,321,110
851,hip,154,660
851,knee,154,660
851,handle,289,835
852,head,203,23
852,shoulder,321,111
852,hip,154,663
852,knee,154,663
852,handle,288,838
853,head,203,23
853,shoulder,321,111
853,hip,154,660
853,knee,154,660
853,handle,288,836
854,head,203,22
854,shoulder,321,111
854,hip,155,658
854,knee,155,658
854,handle,288,834
855,head,203,22
855,shoulder,321,111
855,hip,155,655
855,knee,155,655
855,handle,287,832
856,head,203,21
856,shoulder,321,111
856,hip,156,652
856,knee,156,652
856,handle,287,830
857,head,203,21
857,shoulder,321,112
857,hip,156,649
857,knee,156,649
857,handle,287,829
858,head,204,21
858,shoulder,321,112
858,hip,156,650
858,knee,156,650
858,handle,286,830
859,head,204,21
859,shoulder,321,112
859,hip,157,651
859,knee,157,651
859,handle,284,832
860,head,204,21
860,shoulder,321,112
860,hip,157,653
860,knee,157,653
860,handle,283,834
861,head,204,21
861,shoulder,321,112
861,hip,157,654
861,knee,157,654
861,handle,282,836
862,head,204,21
862,shoulder,321,113
862,hip,157,656
862,knee,157,656
862,handle,280,838
863,head,204,21
863,shoulder,321,113
863,hip,158,658
863,knee,158,658
863,handle,281,840
864,head,204,21
864,shoulder,321,113
864,hip,160,661
864,knee,160,661
864,handle,282,842
865,head,204,21
865,shoulder,321,114
865,hip,161,663
865,knee,161,663
865,handle,283,844
866,head,204,21
866,shoulder,322,114
866,hip,163,666
866,knee,163,666
866,handle,284,846
867,head,204,21
867,shoulder,322,115
867,hip,164,669
867,knee,164,669
867,handle,286,849
868,head,204,21
868,shoulder,322,115
868,hip,163,665
868,knee,163,665
868,handle,286,848
869,head,204,21
869,shoulder,322,115
869,hip,162,661
869,knee,162,661
869,handle,287,847
870,head,204,21
870,shoulder,322,115
870,hip,161,657
870,knee,161,657
870,handle,288,846
871,head,204,21
871,shoulder,322,115
871,hip,160,653
871,knee,160,653
871,handle,289,845
872,head,204,21
872,shoulder,322,116
872,hip,159,649
872,knee,159,649
872,handle,290,844
873,head,204,21
873,shoulder,322,116
873,hip,156,645
873,knee,156,645
873,handle,291,842
874,head,204,21
874,shoulder,322,117
874,hip,153,642
874,knee,153,642
874,handle,292,840
875,head,204,21
875,shoulder,322,117
875,hip,150,638
875,knee,150,638
875,handle,293,838
876,head,204,21
876,shoulder,322,118
876,hip,147,635
876,knee,147,635
876,handle,294,836
877,head,204,21
877,shoulder,323,119
877,hip,144,631
877,knee,144,631
877,handle,294,833
878,head,204,21
878,shoulder,323,119
878,hip,144,631
878,knee,144,631
878,handle,295,832
879,head,204,21
879,shoulder,323,119
879,hip,144,631
879,knee,144,631
879,handle,295,831
880,head,204,21
880,shoulder,323,119
880,hip,144,632
880,knee,144,632
880,handle,295,830
881,head,204,21
881,shoulder,322,119
881,hip,144,632
881,knee,144,632
881,handle,296,829
882,head,204,21
882,shoulder,322,119
882,hip,144,633
882,knee,144,633
882,handle,296,829
883,head,204,21
883,shoulder,322,119
883,hip,144,633
883,knee,144,633
883,handle,294,829
884,head,204,21
884,shoulder,323,119
884,hip,145,633
884,knee,145,633
884,handle,292,829
885,head,204,21
885,shoulder,323,120
885,hip,145,632
885,knee,145,632
885,handle,290,829
886,head,204,21
886,shoulder,323,120
886,hip,145,632
886,knee,145,632
886,handle,289,830
887,head,204,21
887,shoulder,323,120
887,hip,145,632
887,knee,145,632
887,handle,287,830
888,head,204,21
888,shoulder,323,121
888,hip,143,631
888,knee,143,631
888,handle,289,833
889,head,204,21
889,shoulder,323,121
889,hip,142,630
889,knee,142,630
889,handle,291,837
890,head,204,21
890,shoulder,323,121
890,hip,140,629
890,knee,140,629
890,handle,292,840
891,head,204,21
891,shoulder,323,121
891,hip,138,628
891,knee,138,628
891,handle,293,844
892,head,204,21
892,shoulder,323,122
892,hip,137,628
892,knee,137,628
892,handle,295,848
893,head,204,21
893,shoulder,323,122
893,hip,139,629
893,knee,139,629
893,handle,293,847
894,head,204,21
894,shoulder,323,122
894,hip,140,630
894,knee,140,630
894,handle,291,847
895,head,204,21
895,shoulder,324,122
895,hip,142,631
895,knee,142,631
895,handle,289,846
896,head,204,21
896,shoulder,324,122
896,hip,144,633
896,knee,144,633
896,handle,287,846
897,head,204,21
897,shoulder,324,123
897,hip,145,634
897,knee,145,634
897,handle,286,846
898,head,204,21
898,shoulder,324,123
898,hip,145,634
898,knee,145,634
898,handle,286,847
899,head,204,21
899,shoulder,324,123
899,hip,145,635
899,knee,145,635
899,handle,286,848
900,head,204,21
900,shoulder,324,123
900,hip,145,636
900,knee,145,636
900,handle,287,849
901,head,204,21
901,shoulder,324,123
901,hip,145,637
901,knee,145,637
901,handle,288,849
902,head,204,21
902,shoulder,325,123
902,hip,145,638
902,knee,145,638
902,handle,288,850
903,head,204,21
903,shoulder,325,123
903,hip,145,636
903,knee,145,636
903,handle,289,848
904,head,204,21
904,shoulder,325,124
904,hip,145,634
904,knee,145,634
904,handle,289,846
905,head,204,21
905,shoulder,325,124
905,hip,145,632
905,knee,145,632
905,handle,289,844
906,head,204,21
906,shoulder,325,124
906,hip,145,630
906,knee,145,630
906,handle,290,842
907,head,204,21
907,shoulder,326,125
907,hip,145,628
907,knee,145,628
907,handle,290,840
908,head,204,21
908,shoulder,326,125
908,hip,144,629
908,knee,144,629
908,handle,290,842
909,head,204,21
909,shoulder,326,125
909,hip,142,629
909,knee,142,629
909,handle,291,845
910,head,204,21
910,shoulder,326,125
910,hip,141,630
910,knee,141,630
910,handle,291,847
911,head,204,21
911,shoulder,326,125
911,hip,139,630
911,knee,139,630
911,handle,291,850
912,head,204,21
912,shoulder,327,126
912,hip,137,631
912,knee,137,631
912,handle,291,852
913,head,204,21
913,shoulder,327,126
913,hip,139,632
913,knee,139,632
913,handle,291,852
914,head,204,21
914,shoulder,327,126
914,hip,141,634
914,knee,141,634
914,handle,292,852
915,head,204,21
915,shoulder,327,126
915,hip,142,636
915,knee,142,636
915,handle,292,853
916,head,204,21
916,shoulder,327,126
916,hip,144,638
916,knee,144,638
916,handle,292,853
917,head,204,21
917,shoulder,327,127
917,hip,145,640
917,knee,145,640
917,handle,293,854
918,head,204,21
918,shoulder,327,127
918,hip,146,639
918,knee,146,639
918,handle,293,852
919,head,204,21
919,shoulder,327,127
919,hip,146,639
919,knee,146,639
919,handle,294,850
920,head,204,21
920,shoulder,327,127
920,hip,146,638
920,knee,146,638
920,handle,294,848
921,head,204,21
921,shoulder,328,128
921,hip,147,638
921,knee,147,638
921,handle,294,845
922,head,204,21
922,shoulder,328,128
922,hip,147,637
922,knee,147,637
922,handle,294,843
923,head,204,21
923,shoulder,328,128
923,hip,147,636
923,knee,147,636
923,handle,294,845
924,head,204,21
924,shoulder,328,128
924,hip,147,636
924,knee,147,636
924,handle,294,846
925,head,204,21
925,shoulder,328,128
925,hip,147,635
925,knee,147,635
925,handle,294,847
926,head,204,21
926,shoulder,328,128
926,hip,147,635
926,knee,147,635
926,handle,295,848
